"Path","Root","Extension","SizeBytes","IsText","Lines"
".env.example",".env.example",".example","1142","True","39"
".flutter-plugins-dependencies",".flutter-plugins-dependencies",".flutter-plugins-dependencies","30646","False","0"
".gitignore",".gitignore",".gitignore","2424","True","92"
".metadata",".metadata",".metadata","1706","False","0"
".tmp_tracking_deploy.sh",".tmp_tracking_deploy.sh",".sh","1208","True","36"
".tmp_tracking_finalize.sh",".tmp_tracking_finalize.sh",".sh","1139","True","33"
".tmp_tracking_payload.json",".tmp_tracking_payload.json",".json","129","True","1"
"analysis_options.yaml","analysis_options.yaml",".yaml","1448","True","25"
"devtools_options.yaml","devtools_options.yaml",".yaml","184","True","3"
"firebase.json","firebase.json",".json","321","True","1"
"LICENSE","LICENSE","[none]","820","True","4"
"LICENSE.md","LICENSE.md",".md","1427","True","15"
"pubspec.lock","pubspec.lock",".lock","51248","True","1647"
"pubspec.yaml","pubspec.yaml",".yaml","2453","True","94"
"README.md","README.md",".md","13229","True","311"
"remote_email.log","remote_email.log",".log","2416","False","0"
".agents\workflows\skill.md",".agents",".md","5850","True","135"
"android\.gitignore","android",".gitignore","267","True","13"
"android\build.gradle.kts","android",".kts","561","True","21"
"android\gradle.properties","android",".properties","641","False","0"
"android\gradlew","android","[none]","4971","False","0"
"android\gradlew.bat","android",".bat","2404","True","66"
"android\key.properties","android",".properties","100","False","0"
"android\local.properties","android",".properties","141","False","0"
"android\release-keystore.jks","android",".jks","2734","False","0"
"android\settings.gradle.kts","android",".kts","945","True","25"
"android\viax.iml","android",".iml","1630","False","0"
"android\.gradle\file-system.probe","android",".probe","8","False","0"
"android\.gradle\8.12\gc.properties","android",".properties","0","False","0"
"android\.gradle\8.12\checksums\checksums.lock","android",".lock","17","True","1"
"android\.gradle\8.12\checksums\md5-checksums.bin","android",".bin","228669","False","0"
"android\.gradle\8.12\checksums\sha1-checksums.bin","android",".bin","564011","False","0"
"android\.gradle\8.12\executionHistory\executionHistory.bin","android",".bin","216416905","False","0"
"android\.gradle\8.12\executionHistory\executionHistory.lock","android",".lock","17","True","1"
"android\.gradle\8.12\fileChanges\last-build.bin","android",".bin","1","False","0"
"android\.gradle\8.12\fileHashes\fileHashes.bin","android",".bin","4693770","False","0"
"android\.gradle\8.12\fileHashes\fileHashes.lock","android",".lock","17","True","1"
"android\.gradle\8.12\fileHashes\resourceHashesCache.bin","android",".bin","211149","False","0"
"android\.gradle\buildOutputCleanup\buildOutputCleanup.lock","android",".lock","17","True","2"
"android\.gradle\buildOutputCleanup\cache.properties","android",".properties","52","False","0"
"android\.gradle\buildOutputCleanup\outputFiles.bin","android",".bin","632561","False","0"
"android\.gradle\noVersion\buildLogic.lock","android",".lock","17","True","1"
"android\.gradle\vcs-1\gc.properties","android",".properties","0","False","0"
"android\app\build.gradle.kts","android",".kts","2139","True","59"
"android\app\google-services.json","android",".json","3526","True","114"
"android\app\gs_base64.txt","android",".txt","1806","True","1"
"android\app\upload-keystore.jks","android",".jks","2336","False","0"
"android\app\src\debug\AndroidManifest.xml","android",".xml","385","True","7"
"android\app\src\main\AndroidManifest.xml","android",".xml","5980","True","120"
"android\app\src\main\java\io\flutter\plugins\GeneratedPluginRegistrant.java","android",".java","7071","True","141"
"android\app\src\main\kotlin\com\viax\app\FloatingOverlayService.kt","android",".kt","19323","True","489"
"android\app\src\main\kotlin\com\viax\app\MainActivity.kt","android",".kt","6602","True","177"
"android\app\src\main\res\drawable\floating_button_bg.xml","android",".xml","341","True","13"
"android\app\src\main\res\drawable\ic_notification.xml","android",".xml","351","True","10"
"android\app\src\main\res\drawable\launch_background.xml","android",".xml","446","True","11"
"android\app\src\main\res\drawable-hdpi\ic_launcher_foreground.png","android",".png","11688","False","0"
"android\app\src\main\res\drawable-mdpi\ic_launcher_foreground.png","android",".png","6882","False","0"
"android\app\src\main\res\drawable-v21\launch_background.xml","android",".xml","450","True","11"
"android\app\src\main\res\drawable-xhdpi\ic_launcher_foreground.png","android",".png","17648","False","0"
"android\app\src\main\res\drawable-xxhdpi\ic_launcher_foreground.png","android",".png","32475","False","0"
"android\app\src\main\res\drawable-xxxhdpi\ic_launcher_foreground.png","android",".png","52458","False","0"
"android\app\src\main\res\mipmap-anydpi-v26\launcher_icon.xml","android",".xml","335","True","9"
"android\app\src\main\res\mipmap-hdpi\ic_launcher.png","android",".png","544","False","0"
"android\app\src\main\res\mipmap-hdpi\launcher_icon.png","android",".png","4122","False","0"
"android\app\src\main\res\mipmap-mdpi\ic_launcher.png","android",".png","442","False","0"
"android\app\src\main\res\mipmap-mdpi\launcher_icon.png","android",".png","2485","False","0"
"android\app\src\main\res\mipmap-xhdpi\ic_launcher.png","android",".png","721","False","0"
"android\app\src\main\res\mipmap-xhdpi\launcher_icon.png","android",".png","5992","False","0"
"android\app\src\main\res\mipmap-xxhdpi\ic_launcher.png","android",".png","1031","False","0"
"android\app\src\main\res\mipmap-xxhdpi\launcher_icon.png","android",".png","9862","False","0"
"android\app\src\main\res\mipmap-xxxhdpi\ic_launcher.png","android",".png","1443","False","0"
"android\app\src\main\res\mipmap-xxxhdpi\launcher_icon.png","android",".png","14874","False","0"
"android\app\src\main\res\values\colors.xml","android",".xml","167","True","5"
"android\app\src\main\res\values\strings.xml","android",".xml","273","True","5"
"android\app\src\main\res\values\styles.xml","android",".xml","1006","True","17"
"android\app\src\main\res\values-night\styles.xml","android",".xml","993","True","17"
"android\app\src\profile\AndroidManifest.xml","android",".xml","385","True","7"
"android\gradle\wrapper\gradle-wrapper.jar","android",".jar","53636","False","0"
"android\gradle\wrapper\gradle-wrapper.properties","android",".properties","206","False","0"
"assets\images\google_logo.png","assets",".png","47408","False","0"
"assets\images\logo.png","assets",".png","292605","False","0"
"assets\images\notification_logo.png","assets",".png","1460123","False","0"
"assets\images\thali\kuromi1.jpg","assets",".jpg","75012","False","0"
"assets\images\thali\kuromi2.jpg","assets",".jpg","544156","False","0"
"assets\images\thali\kuromi3.jpg","assets",".jpg","119880","False","0"
"assets\images\thali\kuromi4.jpg","assets",".jpg","23692","False","0"
"assets\images\vehicles\auto3d.png","assets",".png","2530204","False","0"
"assets\images\vehicles\moto3d.png","assets",".png","1288828","False","0"
"assets\images\vehicles\mototaxi3d.png","assets",".png","2403226","False","0"
"assets\images\vehicles\taxi3d.png","assets",".png","2540614","False","0"
"assets\images\vehicles\iconvehicles\autoicon.png","assets",".png","2193414","False","0"
"assets\images\vehicles\iconvehicles\motoicon.png","assets",".png","2193285","False","0"
"assets\images\vehicles\iconvehicles\mototaxiicon.png","assets",".png","738295","False","0"
"assets\images\vehicles\iconvehicles\taxiicon.png","assets",".png","2263012","False","0"
"assets\legal\legal_content.json","assets",".json","117468","True","935"
"assets\sounds\AGREGAR_SONIDO_AQUI.md","assets",".md","1651","True","40"
"assets\sounds\beep.txt","assets",".txt","44","True","1"
"assets\sounds\beep.wav","assets",".wav","56026","False","0"
"assets\sounds\create_beep.ps1","assets",".ps1","180","True","5"
"assets\sounds\didi_notification.wav","assets",".wav","105884","False","0"
"assets\sounds\README.md","assets",".md","2668","True","57"
"assets\sounds\request_notification.ogg","assets",".ogg","4357992","False","0"
"assets\sounds\request_notification.wav","assets",".wav","670852","False","0"
"assets\sounds\request_notification_backup.wav","assets",".wav","56026","False","0"
"assets\sounds\music\System Of A Down - Lonely Day (Official HD Video) - systemofadownVEVO.mp3","assets",".mp3","6842054","False","0"
"assets\sounds\notificacion\notification.mp3","assets",".mp3","21751","False","0"
"backend\.env.example","backend",".example","284","True","12"
"backend\.env.security","backend",".security","875","False","0"
"backend\.gitignore","backend",".gitignore","2672","True","122"
"backend\.htaccess","backend",".htaccess","490","False","0"
"backend\composer.json","backend",".json","319","True","14"
"backend\composer.lock","backend",".lock","23396","True","644"
"backend\deploy.sh","backend",".sh","5598","True","135"
"backend\get_api_keys.php","backend",".php","3474","True","83"
"backend\health.php","backend",".php","559","True","20"
"backend\index.php","backend",".php","4397","True","87"
"backend\nixpacks.toml","backend",".toml","366","False","0"
"backend\r2_proxy.php","backend",".php","648","True","23"
"backend\railway.json","backend",".json","257","True","12"
"backend\README.md","backend",".md","2282","True","61"
"backend\test_db.php","backend",".php","232","True","5"
"backend\test_pagos.php","backend",".php","405","True","12"
"backend\_test_security_temp.php","backend",".php","2396","True","53"
"backend\account\delete-request.php","backend",".php","7575","True","134"
"backend\account\reactivate.php","backend",".php","2455","True","54"
"backend\admin\app_config.php","backend",".php","4912","True","122"
"backend\admin\aprobar_conductor.php","backend",".php","6061","True","142"
"backend\admin\audit_logs.php","backend",".php","3935","True","116"
"backend\admin\bank_config.php","backend",".php","5840","True","135"
"backend\admin\dashboard_stats.php","backend",".php","6088","True","140"
"backend\admin\emisor_profile.php","backend",".php","6788","True","148"
"backend\admin\empresas.php","backend",".php","46048","True","1209"
"backend\admin\empresas_deudoras.php","backend",".php","3614","True","90"
"backend\admin\empresa_payment_reports.php","backend",".php","23171","True","437"
"backend\admin\facturas.php","backend",".php","4870","True","123"
"backend\admin\generate_invoice_pdf.php","backend",".php","19332","True","384"
"backend\admin\get_conductores_documentos.php","backend",".php","13016","True","268"
"backend\admin\get_documentos_historial.php","backend",".php","4091","True","99"
"backend\admin\get_pricing_configs.php","backend",".php","4584","True","114"
"backend\admin\platform_earnings.php","backend",".php","8045","True","187"
"backend\admin\rechazar_conductor.php","backend",".php","4963","True","120"
"backend\admin\registrar_pago_comision.php","backend",".php","5388","True","119"
"backend\admin\registrar_pago_empresa.php","backend",".php","3851","True","101"
"backend\admin\update_empresa_commission.php","backend",".php","4775","True","130"
"backend\admin\update_pricing_config.php","backend",".php","9026","True","265"
"backend\admin\user_management.php","backend",".php","11988","True","285"
"backend\assets\images\logo.png","backend",".png","292605","False","0"
"backend\auth\change_password.php","backend",".php","7927","True","189"
"backend\auth\check_device.php","backend",".php","5880","True","138"
"backend\auth\check_user.php","backend",".php","2573","True","79"
"backend\auth\email_service.php","backend",".php","1182","True","25"
"backend\auth\login.php","backend",".php","7535","True","146"
"backend\auth\profile.php","backend",".php","1696","True","35"
"backend\auth\profile_update.php","backend",".php","3470","True","82"
"backend\auth\register.php","backend",".php","6765","True","150"
"backend\auth\session_key.php","backend",".php","5301","True","129"
"backend\auth\update_phone.php","backend",".php","3683","True","101"
"backend\auth\update_profile.php","backend",".php","7626","True","188"
"backend\auth\verify_code.php","backend",".php","5197","True","103"
"backend\auth\google\callback.php","backend",".php","12731","True","312"
"backend\auth\google\client_config.php","backend",".php","1100","True","30"
"backend\auth\services\AuthService.php","backend",".php","4861","True","150"
"backend\chat\get_messages.php","backend",".php","4603","True","139"
"backend\chat\get_unread_count.php","backend",".php","2738","True","83"
"backend\chat\mark_as_read.php","backend",".php","2490","True","76"
"backend\chat\send_message.php","backend",".php","5813","True","164"
"backend\chat\stream_messages.php","backend",".php","5840","True","168"
"backend\company\colombia_banks.php","backend",".php","3521","True","85"
"backend\company\conductores_documentos.php","backend",".php","49520","True","981"
"backend\company\dashboard_stats.php","backend",".php","11417","True","223"
"backend\company\debt_payment_reports.php","backend",".php","17497","True","378"
"backend\company\drivers.php","backend",".php","2297","True","73"
"backend\company\get_balance.php","backend",".php","3188","True","91"
"backend\company\get_conductor_transactions.php","backend",".php","6787","True","166"
"backend\company\get_debtors.php","backend",".php","6111","True","145"
"backend\company\platform_debt_context.php","backend",".php","8974","True","160"
"backend\company\pricing.php","backend",".php","17759","True","372"
"backend\company\reports.php","backend",".php","34551","True","831"
"backend\company\reports_pdf.php","backend",".php","9325","True","200"
"backend\company\report_platform_payment.php","backend",".php","8456","True","176"
"backend\company\vehicles.php","backend",".php","21818","True","527"
"backend\conductor\accept_trip_request.php","backend",".php","12310","True","283"
"backend\conductor\activar_conductor.php","backend",".php","940","True","28"
"backend\conductor\actualizar_disponibilidad.php","backend",".php","4367","True","96"
"backend\conductor\actualizar_ubicacion.php","backend",".php","7399","True","161"
"backend\conductor\debt_payment_context.php","backend",".php","9996","True","190"
"backend\conductor\driver_auth.php","backend",".php","3281","True","96"
"backend\conductor\get_demand_zones.php","backend",".php","12216","True","298"
"backend\conductor\get_estadisticas.php","backend",".php","8662","True","172"
"backend\conductor\get_ganancias.php","backend",".php","9845","True","200"
"backend\conductor\get_historial.php","backend",".php","13920","True","293"
"backend\conductor\get_info.php","backend",".php","4676","True","117"
"backend\conductor\get_pendientes_empresa.php","backend",".php","1956","True","55"
"backend\conductor\get_pending_requests.php","backend",".php","6534","True","166"
"backend\conductor\get_profile.php","backend",".php","8695","True","200"
"backend\conductor\get_solicitudes_pendientes.php","backend",".php","10993","True","271"
"backend\conductor\get_viajes_activos.php","backend",".php","2716","True","69"
"backend\conductor\heartbeat.php","backend",".php","2215","True","62"
"backend\conductor\info.php","backend",".php","19","True","2"
"backend\conductor\reject_trip_request.php","backend",".php","3751","True","92"
"backend\conductor\report_debt_payment.php","backend",".php","8357","True","178"
"backend\conductor\search_companies.php","backend",".php","2713","True","78"
"backend\conductor\solicitudes_vinculacion.php","backend",".php","12980","True","333"
"backend\conductor\submit_verification.php","backend",".php","4929","True","139"
"backend\conductor\update_license.php","backend",".php","4980","True","120"
"backend\conductor\update_location.php","backend",".php","132","True","3"
"backend\conductor\update_profile.php","backend",".php","8662","True","206"
"backend\conductor\update_trip_status.php","backend",".php","28655","True","583"
"backend\conductor\update_vehicle.php","backend",".php","10651","True","216"
"backend\conductor\upload_document.php","backend",".php","4656","True","89"
"backend\conductor\upload_documents.php","backend",".php","6557","True","148"
"backend\conductor\upload_vehicle_photo.php","backend",".php","2809","True","68"
"backend\conductor\vehicle_catalog.php","backend",".php","10961","True","293"
"backend\conductor\verify_biometrics.php","backend",".php","9833","True","241"
"backend\conductor\data\vehicle_catalog_co.php","backend",".php","3207","True","61"
"backend\conductor\tracking\finalize.php","backend",".php","61609","True","1401"
"backend\conductor\tracking\get_tracking.php","backend",".php","22040","True","529"
"backend\conductor\tracking\register_point.php","backend",".php","14711","True","381"
"backend\conductor\tracking\register_points_batch.php","backend",".php","3189","True","85"
"backend\conductor\tracking\tracking_ingest_service.php","backend",".php","20652","True","555"
"backend\conductor\tracking\tracking_schema_helpers.php","backend",".php","1785","True","57"
"backend\confianza\calculate_score.php","backend",".php","3682","True","99"
"backend\confianza\ConfianzaService.php","backend",".php","21727","True","541"
"backend\config\.env","backend",".env","1701","True","41"
"backend\config\.env.example","backend",".example","1433","True","36"
"backend\config\.htaccess","backend",".htaccess","267","False","0"
"backend\config\app.php","backend",".php","393","True","12"
"backend\config\bootstrap.php","backend",".php","1290","True","39"
"backend\config\concurrency_service.php","backend",".php","18621","True","493"
"backend\config\config.php","backend",".php","1513","True","43"
"backend\config\database.php","backend",".php","1584","True","40"
"backend\config\google_oauth.php","backend",".php","894","True","26"
"backend\config\R2Service.php","backend",".php","15394","True","337"
"backend\config\redis.php","backend",".php","1040","True","31"
"backend\config\server_config.php","backend",".php","1149","True","40"
"backend\config\test_db.php","backend",".php","650","True","14"
"backend\config\timezone.php","backend",".php","6486","True","204"
"backend\controllers\DriverController.php","backend",".php","189","True","11"
"backend\controllers\LocationController.php","backend",".php","192","True","11"
"backend\controllers\PaymentController.php","backend",".php","185","True","11"
"backend\controllers\TripController.php","backend",".php","180","True","11"
"backend\controllers\UserController.php","backend",".php","182","True","11"
"backend\core\Auth.php","backend",".php","2034","True","61"
"backend\core\Cache.php","backend",".php","3079","True","102"
"backend\core\RateLimiter.php","backend",".php","711","True","28"
"backend\core\Request.php","backend",".php","551","True","20"
"backend\core\Response.php","backend",".php","1059","True","35"
"backend\core\Router.php","backend",".php","573","True","22"
"backend\core\Validator.php","backend",".php","955","True","30"
"backend\docs\architecture.md","backend",".md","7587","True","163"
"backend\docs\README.md","backend",".md","6174","True","140"
"backend\docs\TESTING_ENDPOINTS.md","backend",".md","6596","True","225"
"backend\docs\admin\DEBUG_ADMIN.md","backend",".md","3212","True","76"
"backend\docs\auth\README_USER_MICROSERVICE.md","backend",".md","7280","True","293"
"backend\docs\conductor\README_CONDUCTOR_MICROSERVICE.md","backend",".md","11965","True","435"
"backend\docs\migrations\CHECKLIST_PRODUCCION.md","backend",".md","7656","True","228"
"backend\docs\migrations\GUIA_RAPIDA.md","backend",".md","2909","True","77"
"backend\docs\migrations\INDEX.md","backend",".md","8633","True","216"
"backend\docs\migrations\INSTALACION_006.md","backend",".md","3381","True","130"
"backend\docs\migrations\LEER_PRIMERO.md","backend",".md","4392","True","122"
"backend\docs\migrations\LIMPIEZA_TIPOS_VEHICULOS.md","backend",".md","3902","True","90"
"backend\docs\migrations\MIGRACION_004_README.md","backend",".md","2167","True","51"
"backend\docs\migrations\README.md","backend",".md","1171","True","31"
"backend\docs\migrations\RESUMEN_CAMBIOS.md","backend",".md","7382","True","202"
"backend\driver\tracking\update.php","backend",".php","25321","True","559"
"backend\empresa\profile.php","backend",".php","2498","True","69"
"backend\empresa\register.php","backend",".php","3121","True","86"
"backend\empresa\settings.php","backend",".php","2516","True","74"
"backend\empresa\controllers\EmpresaController.php","backend",".php","7119","True","214"
"backend\empresa\repositories\EmpresaRepository.php","backend",".php","19174","True","494"
"backend\empresa\services\EmpresaService.php","backend",".php","25700","True","597"
"backend\empresa\validators\EmpresaValidator.php","backend",".php","4194","True","129"
"backend\legal\accept.php","backend",".php","2117","True","60"
"backend\legal\current_version.php","backend",".php","1178","True","40"
"backend\location_sharing\create_share.php","backend",".php","3957","True","94"
"backend\location_sharing\get_location.php","backend",".php","4427","True","95"
"backend\location_sharing\stop_share.php","backend",".php","1065","True","33"
"backend\location_sharing\test_create.php","backend",".php","477","True","13"
"backend\location_sharing\update_location.php","backend",".php","1894","True","52"
"backend\middleware\AuthMiddleware.php","backend",".php","450","True","17"
"backend\middleware\LegalMiddleware.php","backend",".php","4548","True","108"
"backend\middleware\RateLimitMiddleware.php","backend",".php","527","True","17"
"backend\middleware\SecurityMiddleware.php","backend",".php","14436","True","346"
"backend\migrations\001_create_admin_tables.sql","backend",".sql","5796","True","99"
"backend\migrations\001_create_conductores_confianza_tables.sql","backend",".sql","6508","True","128"
"backend\migrations\002_conductor_fields.sql","backend",".sql","1625","True","25"
"backend\migrations\003_fix_usuarios_columns.sql","backend",".sql","5464","True","121"
"backend\migrations\003_fix_usuarios_columns_simple.sql","backend",".sql","692","True","11"
"backend\migrations\004_fix_fecha_creacion_columns.sql","backend",".sql","1112","True","20"
"backend\migrations\005_add_vehicle_registration_fields.sql","backend",".sql","1202","True","17"
"backend\migrations\006_add_documentos_conductor.sql","backend",".sql","1893","True","25"
"backend\migrations\007_create_configuracion_precios.sql","backend",".sql","7860","True","169"
"backend\migrations\007_create_configuracion_precios_moto_only.sql","backend",".sql","6437","True","124"
"backend\migrations\008_device_security.sql","backend",".sql","1810","True","29"
"backend\migrations\009_create_paradas_solicitud.sql","backend",".sql","1032","True","20"
"backend\migrations\010_fix_postgres_sequences.sql","backend",".sql","4959","True","71"
"backend\migrations\010_verification_tables.sql","backend",".sql","1028","True","21"
"backend\migrations\011_add_conductor_llego_column.sql","backend",".sql","553","True","10"
"backend\migrations\012_update_vehicle_types.sql","backend",".sql","7477","True","198"
"backend\migrations\013_create_mensajes_chat.sql","backend",".sql","2513","True","43"
"backend\migrations\015_rating_and_payment_tables.sql","backend",".sql","3695","True","70"
"backend\migrations\016_payment_dispute_system.sql","backend",".sql","4142","True","95"
"backend\migrations\017_fix_payment_system.sql","backend",".sql","3490","True","66"
"backend\migrations\018_create_empresas_transporte.sql","backend",".sql","4108","True","99"
"backend\migrations\019_add_vehicle_photo.sql","backend",".sql","290","True","6"
"backend\migrations\020_create_colors_table.sql","backend",".sql","765","True","25"
"backend\migrations\021_add_document_file_types.sql","backend",".sql","3089","True","49"
"backend\migrations\021_add_empresa_role.sql","backend",".sql","451","True","10"
"backend\migrations\022_add_empresa_to_tipo_usuario_pg.sql","backend",".sql","779","True","13"
"backend\migrations\022_add_google_auth.sql","backend",".sql","2131","True","49"
"backend\migrations\023_company_pricing.sql","backend",".sql","1450","True","32"
"backend\migrations\024_set_commissions_zero.sql","backend",".sql","662","True","15"
"backend\migrations\025_company_commission_system.sql","backend",".sql","2665","True","55"
"backend\migrations\026_add_routing_to_documents.sql","backend",".sql","864","True","11"
"backend\migrations\026_biometric_templates.sql","backend",".sql","1547","True","25"
"backend\migrations\027_create_notifications_system.sql","backend",".sql","10433","True","237"
"backend\migrations\028_require_empresa_conductor.sql","backend",".sql","9744","True","230"
"backend\migrations\029_normalize_empresas_transporte.sql","backend",".sql","12065","True","299"
"backend\migrations\030_empresa_tipos_vehiculo.sql","backend",".sql","9583","True","231"
"backend\migrations\031_add_taxi_carro_types.sql","backend",".sql","2386","True","45"
"backend\migrations\031_support_system.sql","backend",".sql","7559","True","165"
"backend\migrations\032_add_taxi_vehicle.sql","backend",".sql","2244","True","56"
"backend\migrations\033_add_vehiculo_empresa_to_solicitudes.sql","backend",".sql","5845","True","161"
"backend\migrations\034_viaje_tracking_realtime.sql","backend",".sql","16244","True","380"
"backend\migrations\035_add_price_breakdown_columns.sql","backend",".sql","5877","True","72"
"backend\migrations\036_create_pagos_comision.sql","backend",".sql","965","True","21"
"backend\migrations\037b_functions.sql","backend",".sql","1650","True","50"
"backend\migrations\037_concurrency_and_latency_system.sql","backend",".sql","4612","True","98"
"backend\migrations\038_rename_motocarro_to_mototaxi.sql","backend",".sql","2324","True","51"
"backend\migrations\039_debt_payment_transfer_flow.sql","backend",".sql","3696","True","61"
"backend\migrations\040_location_sharing.sql","backend",".sql","1491","True","32"
"backend\migrations\041_tracking_ingestion_optimization.sql","backend",".sql","1945","True","32"
"backend\migrations\042_admin_notification_types.sql","backend",".sql","1041","True","29"
"backend\migrations\043_set_app_name_viax.sql","backend",".sql","506","True","18"
"backend\migrations\044_empresa_admin_payment_system.sql","backend",".sql","6055","True","116"
"backend\migrations\045_admin_emisor_fiscal.sql","backend",".sql","2070","True","58"
"backend\migrations\046_canonical_trip_metrics.sql","backend",".sql","1693","True","29"
"backend\migrations\047_create_trip_tracking_points_phase2.sql","backend",".sql","960","True","19"
"backend\migrations\048_tracking_stream_upgrade.sql","backend",".sql","1919","True","45"
"backend\migrations\049_ride_engine_indexes_and_archive.sql","backend",".sql","1443","True","28"
"backend\migrations\050_create_recent_searches.sql","backend",".sql","673","True","15"
"backend\migrations\051_performance_indexes.sql","backend",".sql","404","True","8"
"backend\migrations\052_create_drivers_live_location.sql","backend",".sql","645","True","15"
"backend\migrations\053_account_deletion_system.sql","backend",".sql","2795","True","83"
"backend\migrations\054_support_role_and_ticket_logs.sql","backend",".sql","1351","True","25"
"backend\migrations\055_legal_acceptance_system.sql","backend",".sql","1772","True","45"
"backend\migrations\055_security_events_table.sql","backend",".sql","778","True","15"
"backend\migrations\056_blocked_users_system.sql","backend",".sql","901","True","18"
"backend\migrations\add_razon_rechazo_column.sql","backend",".sql","311","True","5"
"backend\migrations\ejecutar_004_simple.sql","backend",".sql","953","True","23"
"backend\migrations\run_migrations.php","backend",".php","234","True","9"
"backend\migrations\run_migration_003.sql","backend",".sql","825","True","19"
"backend\migrations\run_migration_004.sql","backend",".sql","1162","True","27"
"backend\notifications\create_notification.php","backend",".php","4857","True","140"
"backend\notifications\delete_notification.php","backend",".php","4885","True","135"
"backend\notifications\get_notifications.php","backend",".php","4796","True","144"
"backend\notifications\get_settings.php","backend",".php","2933","True","85"
"backend\notifications\get_unread_count.php","backend",".php","1912","True","62"
"backend\notifications\mark_as_read.php","backend",".php","4837","True","136"
"backend\notifications\register_push_token.php","backend",".php","4126","True","105"
"backend\notifications\unregister_push_token.php","backend",".php","2584","True","71"
"backend\notifications\update_settings.php","backend",".php","5879","True","162"
"backend\payment\check_dispute_status.php","backend",".php","4053","True","119"
"backend\payment\report_payment_status.php","backend",".php","10331","True","267"
"backend\payment\resolve_dispute.php","backend",".php","3005","True","101"
"backend\pricing\calculate_quote.php","backend",".php","8974","True","257"
"backend\pricing\get_config.php","backend",".php","3904","True","107"
"backend\python_services\install_dependencies.bat","backend",".bat","945","True","27"
"backend\python_services\requirements.txt","backend",".txt","176","True","6"
"backend\python_services\verify_face.py","backend",".py","5086","False","0"
"backend\rating\confirm_cash_payment.php","backend",".php","4595","True","130"
"backend\rating\get_ratings.php","backend",".php","4929","True","131"
"backend\rating\get_trip_summary.php","backend",".php","6762","True","172"
"backend\rating\submit_rating.php","backend",".php","9127","True","236"
"backend\repositories\DriverRepository.php","backend",".php","571","True","20"
"backend\repositories\LocationRepository.php","backend",".php","538","True","18"
"backend\repositories\TripRepository.php","backend",".php","2632","True","70"
"backend\repositories\UserRepository.php","backend",".php","440","True","17"
"backend\routes\api.php","backend",".php","811","True","20"
"backend\scripts\archive_tracking_points.php","backend",".php","1367","True","36"
"backend\scripts\backfill_canonical_trip_metrics.php","backend",".php","5836","True","108"
"backend\scripts\check_legacy_code.php","backend",".php","1958","True","66"
"backend\scripts\check_pending_migrations.php","backend",".php","1507","True","51"
"backend\scripts\migrate_legal_users.php","backend",".php","2351","True","61"
"backend\scripts\restore_configuracion_precios_temp.php","backend",".php","1350","True","32"
"backend\scripts\run_migrations.php","backend",".php","4578","True","137"
"backend\scripts\safe_push_backend.ps1","backend",".ps1","1834","True","55"
"backend\scripts\test_legal_system.php","backend",".php","1762","True","42"
"backend\scripts\trip_tracking_queue_worker.php","backend",".php","4034","True","116"
"backend\scripts\update_server.sh","backend",".sh","3490","True","80"
"backend\services\DriverService.php","backend",".php","292","True","14"
"backend\services\driver_service.php","backend",".php","20695","True","481"
"backend\services\EmailRateLimiter.php","backend",".php","5744","True","115"
"backend\services\EmailService.php","backend",".php","15840","True","262"
"backend\services\eta_service.php","backend",".php","5349","True","119"
"backend\services\LocationService.php","backend",".php","1013","True","30"
"backend\services\MailProviderInterface.php","backend",".php","259","True","11"
"backend\services\MatchingService.php","backend",".php","1533","True","41"
"backend\services\matching_service.php","backend",".php","13125","True","275"
"backend\services\pickup_eta_service.php","backend",".php","7942","True","187"
"backend\services\places_search_service.php","backend",".php","11180","True","272"
"backend\services\PricingService.php","backend",".php","409","True","16"
"backend\services\pricing_service.php","backend",".php","2247","True","52"
"backend\services\roads_snap_service.php","backend",".php","10377","True","267"
"backend\services\SecurityLogger.php","backend",".php","1277","True","35"
"backend\services\SmtpMailProvider.php","backend",".php","2259","True","56"
"backend\services\tracking_service.php","backend",".php","2187","True","61"
"backend\services\traffic_cache.php","backend",".php","2672","True","86"
"backend\services\traffic_pricing.php","backend",".php","13164","True","368"
"backend\services\traffic_service.php","backend",".php","8554","True","235"
"backend\services\traffic_zone_resolver.php","backend",".php","1320","True","46"
"backend\services\TripService.php","backend",".php","652","True","19"
"backend\services\trip_state_machine.php","backend",".php","4094","True","99"
"backend\services\UserService.php","backend",".php","282","True","14"
"backend\storage\.htaccess","backend",".htaccess","15","False","0"
"backend\storage\logs\.htaccess","backend",".htaccess","15","False","0"
"backend\support\create_ticket.php","backend",".php","6865","True","166"
"backend\support\get_categories.php","backend",".php","1176","True","42"
"backend\support\get_tickets.php","backend",".php","6668","True","167"
"backend\support\get_ticket_logs.php","backend",".php","2206","True","62"
"backend\support\get_ticket_messages.php","backend",".php","3893","True","108"
"backend\support\request_callback.php","backend",".php","3131","True","93"
"backend\support\send_message.php","backend",".php","7452","True","193"
"backend\support\update_ticket.php","backend",".php","8077","True","185"
"backend\support\_support_auth.php","backend",".php","4220","True","122"
"backend\user\block_user.php","backend",".php","3423","True","84"
"backend\user\cancel_trip_request.php","backend",".php","4529","True","121"
"backend\user\check_active_trip.php","backend",".php","5593","True","114"
"backend\user\check_solicitudes.php","backend",".php","357","True","10"
"backend\user\create_trip_request.php","backend",".php","20925","True","511"
"backend\user\find_nearby_drivers.php","backend",".php","12612","True","315"
"backend\user\get_companies_by_municipality.php","backend",".php","1601","True","51"
"backend\user\get_company_details.php","backend",".php","5852","True","160"
"backend\user\get_favorite_drivers.php","backend",".php","2549","True","71"
"backend\user\get_payment_summary.php","backend",".php","3218","True","99"
"backend\user\get_recent_searches.php","backend",".php","1145","True","35"
"backend\user\get_trip_history.php","backend",".php","11858","True","257"
"backend\user\get_trip_status.php","backend",".php","41543","True","820"
"backend\user\is_blocked.php","backend",".php","2025","True","51"
"backend\user\prefetch_route.php","backend",".php","4722","True","114"
"backend\user\rate_trip.php","backend",".php","6468","True","176"
"backend\user\save_recent_search.php","backend",".php","2039","True","49"
"backend\user\search_places.php","backend",".php","1542","True","45"
"backend\user\stream_trip_updates.php","backend",".php","8697","True","203"
"backend\user\toggle_favorite_driver.php","backend",".php","2419","True","71"
"backend\user\trip_preview.php","backend",".php","2159","True","62"
"backend\user\unblock_user.php","backend",".php","2354","True","65"
"backend\user\update_trip_search_company.php","backend",".php","3676","True","83"
"backend\user\services\CompanyService.php","backend",".php","37440","True","792"
"backend\utils\BlockHelper.php","backend",".php","2699","True","71"
"backend\utils\Distance.php","backend",".php","347","True","11"
"backend\utils\GeoUtils.php","backend",".php","460","True","16"
"backend\utils\get_colors.php","backend",".php","1518","True","40"
"backend\utils\Haversine.php","backend",".php","575","True","17"
"backend\utils\Mailer.php","backend",".php","70836","True","1409"
"backend\utils\NotificationHelper.php","backend",".php","10731","True","319"
"backend\utils\PdfGenerator.php","backend",".php","25248","True","629"
"backend\utils\PushNotificationService.php","backend",".php","7197","True","202"
"backend\utils\TimeUtils.php","backend",".php","447","True","19"
"backend\workers\account_deletion_worker.php","backend",".php","4475","True","106"
"backend\workers\dispatch_worker.php","backend",".php","15658","True","374"
"backend\workers\driver_reposition_worker.php","backend",".php","6630","True","195"
"backend\workers\supervisor_tracking_worker.conf","backend",".conf","339","False","0"
"backend\workers\surge_pricing_worker.php","backend",".php","4289","True","126"
"backend\workers\tracking_stream_worker.php","backend",".php","5434","True","155"
"backend\workers\zone_cache_worker.php","backend",".php","8291","True","207"
"deploy\supervisor\dispatch_worker.conf","deploy",".conf","364","False","0"
"deploy\supervisor\driver_reposition_worker.conf","deploy",".conf","400","False","0"
"deploy\supervisor\surge_pricing_worker.conf","deploy",".conf","384","False","0"
"deploy\supervisor\zone_cache_worker.conf","deploy",".conf","372","False","0"
"docs\ANEXO_INVENTARIO_ARCHIVOS.csv","docs",".csv","71835","True","939"
"docs\ARQUITECTURA_TRACKING_TIEMPO_REAL.md","docs",".md","5952","True","154"
"docs\CAMBIOS_RESEÑAS.md","docs",".md","6375","True","154"
"docs\COMANDOS_UTILES.md","docs",".md","2987","True","135"
"docs\CONFIGURACION_ENTORNOS.md","docs",".md","1516","True","36"
"docs\DEPLOYMENT.md","docs",".md","1328","True","31"
"docs\DISPATCH_ENGINE_ARCHITECTURE.md","docs",".md","4327","True","106"
"docs\ESTIMACION_COSTOS_Y_VALORACION_EMPRESARIAL_VIAX.md","docs",".md","19368","True","285"
"docs\EXPLICACION_PERMISOS_OVERLAY_VIAX.md","docs",".md","6532","True","55"
"docs\FLUJO_SUPLANTACION_DISPOSITIVOS.md","docs",".md","8944","True","120"
"docs\GUIA_RAPIDA_ENTORNOS.md","docs",".md","829","True","23"
"docs\IMPLEMENTACION_COMPLETADA_SISTEMA_PRECIOS.md","docs",".md","10488","True","291"
"docs\INDEX.md","docs",".md","672","True","19"
"docs\MEJORAS_UI_REGISTRO.md","docs",".md","8651","True","256"
"docs\NOTIFICACIONES_PUSH_DEPLOY.md","docs",".md","2867","True","67"
"docs\QUE_TRATA_LA_APP_VIAX.md","docs",".md","3535","True","60"
"docs\REQUERIMIENTOS_FUNCIONALES_NO_FUNCIONALES.md","docs",".md","16922","True","361"
"docs\RESUMEN_CAMBIOS_LOCAL.md","docs",".md","1272","True","23"
"docs\RIDE_ENGINE_ARCHITECTURE.md","docs",".md","4302","True","141"
"docs\SETUP_LARAGON.md","docs",".md","10594","True","315"
"docs\SISTEMA_CONDUCTORES_CONFIANZA.md","docs",".md","7789","True","247"
"docs\SISTEMA_PRECIOS_DOBLE_PANTALLA.md","docs",".md","7777","True","217"
"docs\SISTEMA_SEGURIDAD_DISPOSITIVO.md","docs",".md","6457","True","99"
"docs\SOLUCION_MAPBOX_ERROR.md","docs",".md","3398","True","79"
"docs\SOPORTE_TECNICO_OAUTH_EMAILS.md","docs",".md","2859","True","50"
"docs\admin\ADMIN_NAVIGATION_UPDATE.md","docs",".md","7006","True","197"
"docs\admin\DOCUMENTOS_CONDUCTORES.md","docs",".md","9247","True","250"
"docs\architecture\ACLARACION_AUTH_MICROSERVICIO.md","docs",".md","4936","True","117"
"docs\architecture\ADR.md","docs",".md","9953","True","249"
"docs\architecture\CHANGELOG.md","docs",".md","9506","True","215"
"docs\architecture\CLEAN_ARCHITECTURE.md","docs",".md","21863","True","446"
"docs\architecture\EXECUTIVE_SUMMARY.md","docs",".md","8998","True","230"
"docs\architecture\GUIA_RAPIDA_RUTAS.md","docs",".md","8886","True","220"
"docs\architecture\INDEX.md","docs",".md","6409","True","146"
"docs\architecture\INTEGRATION_GUIDE.md","docs",".md","12686","True","363"
"docs\architecture\MAPA_VISUAL.md","docs",".md","19674","True","385"
"docs\architecture\MICROSERVICES_CLEANUP.md","docs",".md","12530","True","315"
"docs\architecture\MIGRATION_COMPLETED.md","docs",".md","14459","True","370"
"docs\architecture\MIGRATION_TO_MICROSERVICES.md","docs",".md","18535","True","527"
"docs\architecture\README.md","docs",".md","14330","True","324"
"docs\architecture\README_LIMPIEZA.md","docs",".md","2130","True","56"
"docs\architecture\REFACTORING_SUMMARY.md","docs",".md","14331","True","363"
"docs\architecture\RESUMEN_LIMPIEZA.md","docs",".md","8336","True","227"
"docs\architecture\USER_MICROSERVICE_MIGRATION.md","docs",".md","13128","True","356"
"docs\conductor\BACKEND_ENDPOINTS.md","docs",".md","12049","True","358"
"docs\conductor\CORRECCION_REGISTRO_VEHICULOS.md","docs",".md","5892","True","138"
"docs\conductor\FIX_HISTORIAL_VIAJES.md","docs",".md","4074","True","120"
"docs\conductor\GUIA_RAPIDA.md","docs",".md","7502","True","259"
"docs\conductor\GUIA_VISUAL_DOCUMENTOS.md","docs",".md","10125","True","169"
"docs\conductor\MEJORAS_VISUALIZACION_DOCUMENTOS.md","docs",".md","5979","True","149"
"docs\conductor\NUEVAS_FUNCIONALIDADES.md","docs",".md","12166","True","313"
"docs\conductor\PERFIL_ALERTA_DINAMICA.md","docs",".md","6097","True","150"
"docs\conductor\RESUMEN_CARGA_DOCUMENTOS.md","docs",".md","9029","True","200"
"docs\conductor\RESUMEN_IMPLEMENTACION.md","docs",".md","8054","True","229"
"docs\conductor\SISTEMA_BUSQUEDA_PASAJEROS.md","docs",".md","6217","True","165"
"docs\conductor\SISTEMA_CARGA_DOCUMENTOS.md","docs",".md","12760","True","365"
"docs\conductor\SISTEMA_NOTIFICACION_SONIDO.md","docs",".md","6447","True","168"
"docs\conductor\SOLUCION_ERROR_GPS.md","docs",".md","2320","True","57"
"docs\conductor\SONIDO_INTEGRADO_SOLUCION.md","docs",".md","4440","True","105"
"docs\general\MEJORA_BUSCADOR_NOMINATIM.md","docs",".md","5286","True","136"
"docs\general\PRUEBAS_BUSQUEDA_COLOMBIA.md","docs",".md","6971","True","221"
"docs\general\README.md","docs",".md","7971","True","199"
"docs\general\RESUMEN_IMPLEMENTACION_NOMINATIM.md","docs",".md","6243","True","187"
"docs\home\HOME_FINAL_UPDATE.md","docs",".md","6333","True","158"
"docs\home\HOME_MODERNIZATION.md","docs",".md","10189","True","266"
"docs\mapbox\CAMBIOS_MAPBOX.md","docs",".md","11489","True","270"
"docs\mapbox\CHEAT_SHEET.md","docs",".md","7933","True","312"
"docs\mapbox\ESTRUCTURA.md","docs",".md","13171","True","405"
"docs\mapbox\IMPLEMENTACION_COMPLETADA.md","docs",".md","3221","True","120"
"docs\mapbox\INDICE_DOCUMENTACION.md","docs",".md","8538","True","273"
"docs\mapbox\INICIO_RAPIDO.md","docs",".md","4762","True","170"
"docs\mapbox\MAPBOX_SETUP.md","docs",".md","8914","True","243"
"docs\mapbox\README_MAPBOX.md","docs",".md","8024","True","217"
"docs\mapbox\RESUMEN_EJECUTIVO.md","docs",".md","8481","True","245"
"docs\onboarding\ONBOARDING_DESIGN.md","docs",".md","5300","True","122"
"docs\onboarding\ONBOARDING_INSTRUCTIONS.md","docs",".md","1682","True","35"
"docs\user\GUIA_RAPIDA.md","docs",".md","7623","True","238"
"docs\user\SISTEMA_SOLICITUD_VIAJES.md","docs",".md","7818","True","193"
"ios\.gitignore","ios",".gitignore","603","True","33"
"ios\Flutter\AppFrameworkInfo.plist","ios",".plist","800","True","26"
"ios\Flutter\Debug.xcconfig","ios",".xcconfig","31","False","0"
"ios\Flutter\flutter_export_environment.sh","ios",".sh","515","True","13"
"ios\Flutter\Generated.xcconfig","ios",".xcconfig","485","False","0"
"ios\Flutter\Release.xcconfig","ios",".xcconfig","31","False","0"
"ios\Flutter\ephemeral\flutter_lldbinit","ios","[none]","108","False","0"
"ios\Flutter\ephemeral\flutter_lldb_helper.py","ios",".py","1276","False","0"
"ios\Runner\AppDelegate.swift","ios",".swift","404","True","12"
"ios\Runner\GeneratedPluginRegistrant.h","ios",".h","378","True","13"
"ios\Runner\GeneratedPluginRegistrant.m","ios",".m","6037","True","147"
"ios\Runner\Info.plist","ios",".plist","1824","True","51"
"ios\Runner\Runner-Bridging-Header.h","ios",".h","39","True","1"
"ios\Runner\Assets.xcassets\AppIcon.appiconset\Contents.json","ios",".json","2097","True","1"
"ios\Runner\Assets.xcassets\AppIcon.appiconset\Icon-App-1024x1024@1x.png","ios",".png","204091","False","0"
"ios\Runner\Assets.xcassets\AppIcon.appiconset\Icon-App-20x20@1x.png","ios",".png","589","False","0"
"ios\Runner\Assets.xcassets\AppIcon.appiconset\Icon-App-20x20@2x.png","ios",".png","1385","False","0"
"ios\Runner\Assets.xcassets\AppIcon.appiconset\Icon-App-20x20@3x.png","ios",".png","2306","False","0"
"ios\Runner\Assets.xcassets\AppIcon.appiconset\Icon-App-29x29@1x.png","ios",".png","963","False","0"
"ios\Runner\Assets.xcassets\AppIcon.appiconset\Icon-App-29x29@2x.png","ios",".png","2197","False","0"
"ios\Runner\Assets.xcassets\AppIcon.appiconset\Icon-App-29x29@3x.png","ios",".png","3737","False","0"
"ios\Runner\Assets.xcassets\AppIcon.appiconset\Icon-App-40x40@1x.png","ios",".png","1385","False","0"
"ios\Runner\Assets.xcassets\AppIcon.appiconset\Icon-App-40x40@2x.png","ios",".png","3322","False","0"
"ios\Runner\Assets.xcassets\AppIcon.appiconset\Icon-App-40x40@3x.png","ios",".png","5722","False","0"
"ios\Runner\Assets.xcassets\AppIcon.appiconset\Icon-App-50x50@1x.png","ios",".png","1861","False","0"
"ios\Runner\Assets.xcassets\AppIcon.appiconset\Icon-App-50x50@2x.png","ios",".png","4537","False","0"
"ios\Runner\Assets.xcassets\AppIcon.appiconset\Icon-App-57x57@1x.png","ios",".png","2138","False","0"
"ios\Runner\Assets.xcassets\AppIcon.appiconset\Icon-App-57x57@2x.png","ios",".png","5255","False","0"
"ios\Runner\Assets.xcassets\AppIcon.appiconset\Icon-App-60x60@2x.png","ios",".png","5722","False","0"
"ios\Runner\Assets.xcassets\AppIcon.appiconset\Icon-App-60x60@3x.png","ios",".png","10357","False","0"
"ios\Runner\Assets.xcassets\AppIcon.appiconset\Icon-App-72x72@1x.png","ios",".png","2887","False","0"
"ios\Runner\Assets.xcassets\AppIcon.appiconset\Icon-App-72x72@2x.png","ios",".png","7328","False","0"
"ios\Runner\Assets.xcassets\AppIcon.appiconset\Icon-App-76x76@1x.png","ios",".png","3106","False","0"
"ios\Runner\Assets.xcassets\AppIcon.appiconset\Icon-App-76x76@2x.png","ios",".png","7955","False","0"
"ios\Runner\Assets.xcassets\AppIcon.appiconset\Icon-App-83.5x83.5@2x.png","ios",".png","9145","False","0"
"ios\Runner\Assets.xcassets\LaunchImage.imageset\Contents.json","ios",".json","414","True","23"
"ios\Runner\Assets.xcassets\LaunchImage.imageset\LaunchImage.png","ios",".png","68","False","0"
"ios\Runner\Assets.xcassets\LaunchImage.imageset\LaunchImage@2x.png","ios",".png","68","False","0"
"ios\Runner\Assets.xcassets\LaunchImage.imageset\LaunchImage@3x.png","ios",".png","68","False","0"
"ios\Runner\Assets.xcassets\LaunchImage.imageset\README.md","ios",".md","340","True","3"
"ios\Runner\Base.lproj\LaunchScreen.storyboard","ios",".storyboard","2414","False","0"
"ios\Runner\Base.lproj\Main.storyboard","ios",".storyboard","1631","False","0"
"ios\Runner.xcodeproj\project.pbxproj","ios",".pbxproj","23650","True","601"
"ios\Runner.xcodeproj\project.xcworkspace\contents.xcworkspacedata","ios",".xcworkspacedata","142","False","0"
"ios\Runner.xcodeproj\project.xcworkspace\xcshareddata\IDEWorkspaceChecks.plist","ios",".plist","246","True","8"
"ios\Runner.xcodeproj\project.xcworkspace\xcshareddata\WorkspaceSettings.xcsettings","ios",".xcsettings","234","False","0"
"ios\Runner.xcodeproj\xcshareddata\xcschemes\Runner.xcscheme","ios",".xcscheme","3934","True","101"
"ios\Runner.xcworkspace\contents.xcworkspacedata","ios",".xcworkspacedata","159","False","0"
"ios\Runner.xcworkspace\xcshareddata\IDEWorkspaceChecks.plist","ios",".plist","246","True","8"
"ios\Runner.xcworkspace\xcshareddata\WorkspaceSettings.xcsettings","ios",".xcsettings","234","False","0"
"ios\RunnerTests\RunnerTests.swift","ios",".swift","297","True","9"
"lib\firebase_options.dart","lib",".dart","2937","True","82"
"lib\main.dart","lib",".dart","19528","True","484"
"lib\src\core\config\app_config.dart","lib",".dart","7843","True","191"
"lib\src\core\config\env_config.dart","lib",".dart","2981","True","58"
"lib\src\core\config\env_config.dart.example","lib",".example","2383","True","52"
"lib\src\core\constants\app_constants.dart","lib",".dart","3020","True","66"
"lib\src\core\constants\app_constants.example.dart","lib",".dart","1640","True","40"
"lib\src\core\di\service_locator.dart","lib",".dart","16690","True","326"
"lib\src\core\error\exceptions.dart","lib",".dart","1417","True","43"
"lib\src\core\error\failures.dart","lib",".dart","1659","True","47"
"lib\src\core\error\result.dart","lib",".dart","2327","True","71"
"lib\src\core\network\app_network_exception.dart","lib",".dart","4000","True","115"
"lib\src\core\network\connectivity_service.dart","lib",".dart","2721","True","79"
"lib\src\core\network\dio_legal_interceptor.dart","lib",".dart","4589","True","107"
"lib\src\core\network\network.dart","lib",".dart","511","True","13"
"lib\src\core\network\network_request_executor.dart","lib",".dart","5376","True","158"
"lib\src\core\network\network_resilience_service.dart","lib",".dart","7622","True","233"
"lib\src\core\network\network_status_service.dart","lib",".dart","1914","True","55"
"lib\src\core\network\trip_sync_manager.dart","lib",".dart","9652","True","274"
"lib\src\core\network\widgets\global_connectivity_banner.dart","lib",".dart","2076","True","54"
"lib\src\core\offline\trip_command_executor.dart","lib",".dart","10101","True","294"
"lib\src\core\offline\trip_command_queue.dart","lib",".dart","7693","True","248"
"lib\src\core\security\app_integrity_service.dart","lib",".dart","4837","True","136"
"lib\src\core\security\certificate_pinning_service.dart","lib",".dart","2364","True","51"
"lib\src\core\security\device_fingerprint_service.dart","lib",".dart","4200","True","100"
"lib\src\core\security\hmac_signing_service.dart","lib",".dart","1990","True","49"
"lib\src\core\security\session_key_service.dart","lib",".dart","3289","True","83"
"lib\src\core\utils\colombian_plate_utils.dart","lib",".dart","1771","True","54"
"lib\src\core\utils\date_time_utils.dart","lib",".dart","11359","True","297"
"lib\src\features\admin\data\datasources\admin_remote_datasource.dart","lib",".dart","8034","True","222"
"lib\src\features\admin\data\datasources\empresa_remote_datasource.dart","lib",".dart","13185","True","365"
"lib\src\features\admin\data\models\admin_model.dart","lib",".dart","1341","True","35"
"lib\src\features\admin\data\models\empresa_transporte_model.dart","lib",".dart","10735","True","272"
"lib\src\features\admin\data\repositories\admin_repository_impl.dart","lib",".dart","3831","True","102"
"lib\src\features\admin\data\repositories\admin_user_repository_impl.dart","lib",".dart","2371","True","82"
"lib\src\features\admin\data\repositories\empresa_repository_impl.dart","lib",".dart","1979","True","56"
"lib\src\features\admin\domain\entities\admin.dart","lib",".dart","1022","True","41"
"lib\src\features\admin\domain\entities\empresa_transporte.dart","lib",".dart","5466","True","164"
"lib\src\features\admin\domain\repositories\admin_repository.dart","lib",".dart","873","True","19"
"lib\src\features\admin\domain\repositories\admin_user_repository.dart","lib",".dart","833","True","30"
"lib\src\features\admin\domain\repositories\empresa_repository.dart","lib",".dart","1209","True","28"
"lib\src\features\admin\domain\usecases\approve_driver.dart","lib",".dart","518","True","14"
"lib\src\features\admin\domain\usecases\get_system_stats.dart","lib",".dart","392","True","11"
"lib\src\features\admin\domain\usecases\get_users_usecase.dart","lib",".dart","649","True","24"
"lib\src\features\admin\domain\usecases\manage_user_usecase.dart","lib",".dart","1023","True","39"
"lib\src\features\admin\domain\usecases\reject_driver.dart","lib",".dart","653","True","17"
"lib\src\features\admin\presentation\providers\admin_provider.dart","lib",".dart","2570","True","84"
"lib\src\features\admin\presentation\providers\empresa_provider.dart","lib",".dart","8853","True","302"
"lib\src\features\admin\presentation\providers\user_management_provider.dart","lib",".dart","6502","True","191"
"lib\src\features\admin\presentation\screens\admin_company_payment_reports_screen.dart","lib",".dart","71335","True","1798"
"lib\src\features\admin\presentation\screens\admin_dashboard_tab.dart","lib",".dart","14011","True","393"
"lib\src\features\admin\presentation\screens\admin_home_screen.dart","lib",".dart","16043","True","448"
"lib\src\features\admin\presentation\screens\admin_management_tab.dart","lib",".dart","9033","True","251"
"lib\src\features\admin\presentation\screens\admin_profile_tab.dart","lib",".dart","18502","True","548"
"lib\src\features\admin\presentation\screens\admin_statistics_wrapper.dart","lib",".dart","541","True","16"
"lib\src\features\admin\presentation\screens\audit_logs_screen.dart","lib",".dart","29374","True","752"
"lib\src\features\admin\presentation\screens\conductores_documentos_screen.dart","lib",".dart","16226","True","464"
"lib\src\features\admin\presentation\screens\conductor_actions.dart","lib",".dart","8419","True","227"
"lib\src\features\admin\presentation\screens\conductor_details_sheet.dart","lib",".dart","24159","True","555"
"lib\src\features\admin\presentation\screens\conductor_historial_sheet.dart","lib",".dart","16463","True","393"
"lib\src\features\admin\presentation\screens\document_viewer_screen.dart","lib",".dart","24211","True","676"
"lib\src\features\admin\presentation\screens\empresas_management_screen.dart","lib",".dart","55776","True","1419"
"lib\src\features\admin\presentation\screens\platform_earnings_screen.dart","lib",".dart","23201","True","645"
"lib\src\features\admin\presentation\screens\statistics_screen.dart","lib",".dart","29986","True","818"
"lib\src\features\admin\presentation\screens\users_management_screen.dart","lib",".dart","17640","True","482"
"lib\src\features\admin\presentation\widgets\conductor_card.dart","lib",".dart","19817","True","610"
"lib\src\features\admin\presentation\widgets\conductor_card_shimmer.dart","lib",".dart","5820","True","159"
"lib\src\features\admin\presentation\widgets\documents_loading_shimmer.dart","lib",".dart","8199","True","228"
"lib\src\features\admin\presentation\widgets\empresa_card.dart","lib",".dart","17248","True","538"
"lib\src\features\admin\presentation\widgets\empresa_card_shimmer.dart","lib",".dart","5941","True","169"
"lib\src\features\admin\presentation\widgets\empresa_commission_dialog.dart","lib",".dart","15379","True","372"
"lib\src\features\admin\presentation\widgets\empresa_form.dart","lib",".dart","38542","True","990"
"lib\src\features\admin\presentation\widgets\empresa_payment_sheet.dart","lib",".dart","19290","True","519"
"lib\src\features\admin\presentation\widgets\user_management_widgets.dart","lib",".dart","31312","True","879"
"lib\src\features\admin\services\admin_company_commissions_service.dart","lib",".dart","8598","True","273"
"lib\src\features\auth\data\services\colombia_location_service.dart","lib",".dart","2049","True","61"
"lib\src\features\auth\data\services\empresa_register_service.dart","lib",".dart","6019","True","141"
"lib\src\features\auth\presentation\screens\email_auth_screen.dart","lib",".dart","9536","True","208"
"lib\src\features\auth\presentation\screens\email_verification_screen.dart","lib",".dart","34800","True","736"
"lib\src\features\auth\presentation\screens\empresa_register_screen.dart","lib",".dart","46598","True","1261"
"lib\src\features\auth\presentation\screens\forgot_password_screen.dart","lib",".dart","6995","True","180"
"lib\src\features\auth\presentation\screens\login_screen.dart","lib",".dart","14940","True","373"
"lib\src\features\auth\presentation\screens\password_change_verification_screen.dart","lib",".dart","6759","True","181"
"lib\src\features\auth\presentation\screens\password_recovery_verification_screen.dart","lib",".dart","24674","True","630"
"lib\src\features\auth\presentation\screens\pending_deletion_reactivation_screen.dart","lib",".dart","5685","True","153"
"lib\src\features\auth\presentation\screens\phone_auth_screen.dart","lib",".dart","6053","True","156"
"lib\src\features\auth\presentation\screens\phone_required_screen.dart","lib",".dart","17152","True","404"
"lib\src\features\auth\presentation\screens\register_screen.dart","lib",".dart","21736","True","549"
"lib\src\features\auth\presentation\screens\reset_password_screen.dart","lib",".dart","10179","True","251"
"lib\src\features\auth\presentation\screens\set_new_password_after_verification_screen.dart","lib",".dart","9995","True","267"
"lib\src\features\auth\presentation\screens\splash_screen.dart","lib",".dart","20870","True","517"
"lib\src\features\auth\presentation\screens\welcome_screen.dart","lib",".dart","20181","True","510"
"lib\src\features\auth\presentation\screens\welcome_splash_screen.dart","lib",".dart","12615","True","317"
"lib\src\features\auth\presentation\widgets\logo_transition.dart","lib",".dart","9602","True","278"
"lib\src\features\auth\presentation\widgets\register_step_indicator.dart","lib",".dart","2935","True","78"
"lib\src\features\auth\presentation\widgets\searchable_dropdown_sheet.dart","lib",".dart","8334","True","201"
"lib\src\features\auth\presentation\widgets\verification_code_widget.dart","lib",".dart","3206","True","90"
"lib\src\features\company\data\datasources\company_remote_datasource.dart","lib",".dart","17022","True","478"
"lib\src\features\company\data\repositories\company_repository_impl.dart","lib",".dart","2168","True","56"
"lib\src\features\company\domain\entities\company_driver.dart","lib",".dart","1539","True","47"
"lib\src\features\company\domain\entities\company_pricing.dart","lib",".dart","2477","True","73"
"lib\src\features\company\domain\models\company_reports_model.dart","lib",".dart","7501","True","236"
"lib\src\features\company\domain\repositories\company_repository.dart","lib",".dart","768","True","17"
"lib\src\features\company\domain\usecases\get_company_details.dart","lib",".dart","380","True","10"
"lib\src\features\company\domain\usecases\get_company_drivers.dart","lib",".dart","432","True","12"
"lib\src\features\company\domain\usecases\get_company_pricing.dart","lib",".dart","432","True","12"
"lib\src\features\company\domain\usecases\update_company_pricing.dart","lib",".dart","467","True","12"
"lib\src\features\company\presentation\providers\company_provider.dart","lib",".dart","10881","True","317"
"lib\src\features\company\presentation\screens\company_commissions_screen.dart","lib",".dart","15840","True","453"
"lib\src\features\company\presentation\screens\company_conductores_documentos_screen.dart","lib",".dart","35031","True","985"
"lib\src\features\company\presentation\screens\company_data_screen.dart","lib",".dart","36083","True","928"
"lib\src\features\company\presentation\screens\company_drivers_screen.dart","lib",".dart","11067","True","316"
"lib\src\features\company\presentation\screens\company_financial_history_sheet.dart","lib",".dart","26442","True","647"
"lib\src\features\company\presentation\screens\company_home_screen.dart","lib",".dart","13470","True","379"
"lib\src\features\company\presentation\screens\company_notifications_screen.dart","lib",".dart","6582","True","187"
"lib\src\features\company\presentation\screens\company_platform_payment_screen.dart","lib",".dart","21503","True","574"
"lib\src\features\company\presentation\screens\company_pricing_screen.dart","lib",".dart","17164","True","506"
"lib\src\features\company\presentation\screens\company_reports_screen.dart","lib",".dart","8436","True","214"
"lib\src\features\company\presentation\screens\company_security_screen.dart","lib",".dart","6032","True","181"
"lib\src\features\company\presentation\screens\tabs\company_dashboard_tab.dart","lib",".dart","9739","True","238"
"lib\src\features\company\presentation\screens\tabs\company_profile_tab.dart","lib",".dart","13271","True","364"
"lib\src\features\company\presentation\widgets\company_logo.dart","lib",".dart","4054","True","127"
"lib\src\features\company\presentation\widgets\company_widgets.dart","lib",".dart","10164","True","293"
"lib\src\features\company\presentation\widgets\financial_summary_card.dart","lib",".dart","5453","True","166"
"lib\src\features\company\presentation\widgets\balance\company_balance_sheet.dart","lib",".dart","16343","True","465"
"lib\src\features\company\presentation\widgets\dashboard\dashboard_header.dart","lib",".dart","3363","True","83"
"lib\src\features\company\presentation\widgets\dashboard\dashboard_menu_grid.dart","lib",".dart","7206","True","212"
"lib\src\features\company\presentation\widgets\dashboard\dashboard_stats.dart","lib",".dart","3803","True","115"
"lib\src\features\company\presentation\widgets\dashboard\promo_banner.dart","lib",".dart","5183","True","138"
"lib\src\features\company\presentation\widgets\drivers\company_driver_avatar.dart","lib",".dart","1821","True","62"
"lib\src\features\company\presentation\widgets\drivers\company_driver_card.dart","lib",".dart","7351","True","195"
"lib\src\features\company\presentation\widgets\drivers\company_driver_details_sheet.dart","lib",".dart","19170","True","519"
"lib\src\features\company\presentation\widgets\pricing\company_pricing_card.dart","lib",".dart","11371","True","269"
"lib\src\features\company\presentation\widgets\pricing\company_pricing_sheet.dart","lib",".dart","43293","True","1105"
"lib\src\features\company\presentation\widgets\reports\reports_chart_card.dart","lib",".dart","12182","True","362"
"lib\src\features\company\presentation\widgets\reports\reports_header.dart","lib",".dart","4492","True","133"
"lib\src\features\company\presentation\widgets\reports\reports_peak_hours.dart","lib",".dart","8650","True","245"
"lib\src\features\company\presentation\widgets\reports\reports_shimmer.dart","lib",".dart","9259","True","302"
"lib\src\features\company\presentation\widgets\reports\reports_summary_cards.dart","lib",".dart","8586","True","234"
"lib\src\features\company\presentation\widgets\reports\reports_top_drivers.dart","lib",".dart","9328","True","257"
"lib\src\features\company\presentation\widgets\reports\reports_vehicle_distribution.dart","lib",".dart","11288","True","304"
"lib\src\features\company\presentation\widgets\vehicles\vehicle_management_sheet.dart","lib",".dart","18787","True","476"
"lib\src\features\company\services\company_debt_payment_service.dart","lib",".dart","2302","True","73"
"lib\src\features\company\services\company_platform_payment_service.dart","lib",".dart","3802","True","111"
"lib\src\features\conductor\README.md","lib",".md","5985","True","134"
"lib\src\features\conductor\data\datasources\conductor_remote_datasource.dart","lib",".dart","2132","True","46"
"lib\src\features\conductor\data\datasources\conductor_remote_datasource_impl.dart","lib",".dart","13288","True","336"
"lib\src\features\conductor\data\models\conductor_profile_model.dart","lib",".dart","7168","True","199"
"lib\src\features\conductor\data\repositories\conductor_repository_impl.dart","lib",".dart","8283","True","230"
"lib\src\features\conductor\domain\entities\conductor_profile.dart","lib",".dart","6266","True","201"
"lib\src\features\conductor\domain\repositories\conductor_repository.dart","lib",".dart","2591","True","63"
"lib\src\features\conductor\domain\usecases\get_active_trips.dart","lib",".dart","720","True","19"
"lib\src\features\conductor\domain\usecases\get_conductor_earnings.dart","lib",".dart","1207","True","34"
"lib\src\features\conductor\domain\usecases\get_conductor_profile.dart","lib",".dart","1145","True","27"
"lib\src\features\conductor\domain\usecases\get_conductor_statistics.dart","lib",".dart","744","True","19"
"lib\src\features\conductor\domain\usecases\get_trip_history.dart","lib",".dart","722","True","19"
"lib\src\features\conductor\domain\usecases\submit_profile_for_approval.dart","lib",".dart","1105","True","28"
"lib\src\features\conductor\domain\usecases\update_conductor_availability.dart","lib",".dart","913","True","26"
"lib\src\features\conductor\domain\usecases\update_conductor_location.dart","lib",".dart","1290","True","36"
"lib\src\features\conductor\domain\usecases\update_conductor_profile.dart","lib",".dart","1010","True","26"
"lib\src\features\conductor\domain\usecases\update_driver_license.dart","lib",".dart","706","True","21"
"lib\src\features\conductor\domain\usecases\update_vehicle.dart","lib",".dart","632","True","17"
"lib\src\features\conductor\models\conductor_model.dart","lib",".dart","3072","True","82"
"lib\src\features\conductor\models\conductor_profile_model.dart","lib",".dart","8099","True","211"
"lib\src\features\conductor\models\confianza_model.dart","lib",".dart","4200","True","132"
"lib\src\features\conductor\models\demand_zone_model.dart","lib",".dart","6064","True","180"
"lib\src\features\conductor\models\driver_license_model.dart","lib",".dart","4181","True","107"
"lib\src\features\conductor\models\vehicle_model.dart","lib",".dart","7555","True","196"
"lib\src\features\conductor\presentation\controllers\active_trip_controller.dart","lib",".dart","33146","True","904"
"lib\src\features\conductor\presentation\controllers\controllers.dart","lib",".dart","202","True","6"
"lib\src\features\conductor\presentation\models\trip_request_view.dart","lib",".dart","3723","True","90"
"lib\src\features\conductor\presentation\providers\conductor_profile_provider_refactored.dart","lib",".dart","5104","True","167"
"lib\src\features\conductor\presentation\screens\active_trip_screen.dart","lib",".dart","54783","True","1475"
"lib\src\features\conductor\presentation\screens\conductor_active_trip_screen.dart","lib",".dart","197","True","6"
"lib\src\features\conductor\presentation\screens\conductor_commissions_screen.dart","lib",".dart","32906","True","866"
"lib\src\features\conductor\presentation\screens\conductor_debt_payment_screen.dart","lib",".dart","23273","True","629"
"lib\src\features\conductor\presentation\screens\conductor_documents_screen.dart","lib",".dart","24766","True","626"
"lib\src\features\conductor\presentation\screens\conductor_earnings_screen.dart","lib",".dart","15832","True","443"
"lib\src\features\conductor\presentation\screens\conductor_help_screen.dart","lib",".dart","21541","True","529"
"lib\src\features\conductor\presentation\screens\conductor_home_screen.dart","lib",".dart","85683","True","2169"
"lib\src\features\conductor\presentation\screens\conductor_profile_screen.dart","lib",".dart","39213","True","1048"
"lib\src\features\conductor\presentation\screens\conductor_requests_screen.dart","lib",".dart","13263","True","391"
"lib\src\features\conductor\presentation\screens\conductor_searching_passengers_screen.dart","lib",".dart","12066","True","341"
"lib\src\features\conductor\presentation\screens\conductor_settings_screen.dart","lib",".dart","19747","True","484"
"lib\src\features\conductor\presentation\screens\conductor_trips_screen.dart","lib",".dart","10942","True","332"
"lib\src\features\conductor\presentation\screens\conductor_vehicle_screen.dart","lib",".dart","14229","True","403"
"lib\src\features\conductor\presentation\screens\documents_management_screen.dart","lib",".dart","13386","True","323"
"lib\src\features\conductor\presentation\screens\driver_onboarding_screen.dart","lib",".dart","13627","True","352"
"lib\src\features\conductor\presentation\screens\driver_registration_screen.dart","lib",".dart","38803","True","948"
"lib\src\features\conductor\presentation\screens\vehicle_only_registration_screen.dart","lib",".dart","26743","True","684"
"lib\src\features\conductor\presentation\screens\vehicle_registration_screen.dart","lib",".dart","51303","True","1415"
"lib\src\features\conductor\presentation\screens\verification_status_screen.dart","lib",".dart","20286","True","598"
"lib\src\features\conductor\presentation\widgets\approval_success_dialog.dart","lib",".dart","12885","True","368"
"lib\src\features\conductor\presentation\widgets\biometric_step_widget.dart","lib",".dart","11464","True","325"
"lib\src\features\conductor\presentation\widgets\conductor_alerts.dart","lib",".dart","47306","True","1217"
"lib\src\features\conductor\presentation\widgets\conductor_drawer.dart","lib",".dart","22519","True","585"
"lib\src\features\conductor\presentation\widgets\conductor_searching_map.dart","lib",".dart","10483","True","289"
"lib\src\features\conductor\presentation\widgets\conductor_stats_card.dart","lib",".dart","2069","True","66"
"lib\src\features\conductor\presentation\widgets\conductor_widgets.dart","lib",".dart","436","True","12"
"lib\src\features\conductor\presentation\widgets\demand_zones_overlay.dart","lib",".dart","24555","True","704"
"lib\src\features\conductor\presentation\widgets\document_upload_widget.dart","lib",".dart","38872","True","992"
"lib\src\features\conductor\presentation\widgets\favorite_driver_widgets.dart","lib",".dart","8247","True","272"
"lib\src\features\conductor\presentation\widgets\request_action_panel.dart","lib",".dart","37347","True","1014"
"lib\src\features\conductor\presentation\widgets\route_3d_overlay.dart","lib",".dart","10411","True","340"
"lib\src\features\conductor\presentation\widgets\trip_request_widgets.dart","lib",".dart","11846","True","407"
"lib\src\features\conductor\presentation\widgets\viaje_activo_card.dart","lib",".dart","11986","True","278"
"lib\src\features\conductor\presentation\widgets\active_trip\active_trip_widgets.dart","lib",".dart","412","True","12"
"lib\src\features\conductor\presentation\widgets\active_trip\error_banner.dart","lib",".dart","3146","True","92"
"lib\src\features\conductor\presentation\widgets\active_trip\loading_overlay.dart","lib",".dart","1569","True","52"
"lib\src\features\conductor\presentation\widgets\active_trip\map_fallback.dart","lib",".dart","2113","True","66"
"lib\src\features\conductor\presentation\widgets\active_trip\navigation_card.dart","lib",".dart","3202","True","110"
"lib\src\features\conductor\presentation\widgets\active_trip\speed_indicator.dart","lib",".dart","1802","True","59"
"lib\src\features\conductor\presentation\widgets\active_trip\trip_bottom_panel.dart","lib",".dart","26987","True","844"
"lib\src\features\conductor\presentation\widgets\active_trip\trip_status_pill.dart","lib",".dart","2340","True","74"
"lib\src\features\conductor\presentation\widgets\commissions\commissions_trend_chart.dart","lib",".dart","7333","True","194"
"lib\src\features\conductor\presentation\widgets\commissions\commission_kpi_card.dart","lib",".dart","2992","True","93"
"lib\src\features\conductor\presentation\widgets\common\common_widgets.dart","lib",".dart","313","True","9"
"lib\src\features\conductor\presentation\widgets\common\floating_button.dart","lib",".dart","2032","True","67"
"lib\src\features\conductor\presentation\widgets\common\glass_button.dart","lib",".dart","3153","True","104"
"lib\src\features\conductor\presentation\widgets\common\glass_container.dart","lib",".dart","2179","True","69"
"lib\src\features\conductor\presentation\widgets\common\pulsing_dot.dart","lib",".dart","1736","True","60"
"lib\src\features\conductor\presentation\widgets\common\radar_indicator.dart","lib",".dart","3958","True","129"
"lib\src\features\conductor\presentation\widgets\components\biometric_instruction_card.dart","lib",".dart","1974","True","61"
"lib\src\features\conductor\presentation\widgets\components\biometric_progress_bar.dart","lib",".dart","1063","True","28"
"lib\src\features\conductor\presentation\widgets\components\company_picker_sheet.dart","lib",".dart","6752","True","178"
"lib\src\features\conductor\presentation\widgets\components\image_upload_card.dart","lib",".dart","7230","True","175"
"lib\src\features\conductor\presentation\widgets\components\scanner_overlay.dart","lib",".dart","1861","True","58"
"lib\src\features\conductor\presentation\widgets\components\vehicle_searchable_sheet.dart","lib",".dart","13896","True","335"
"lib\src\features\conductor\presentation\widgets\documents\documents_empty_state.dart","lib",".dart","4950","True","133"
"lib\src\features\conductor\presentation\widgets\documents\documents_shimmer.dart","lib",".dart","1870","True","55"
"lib\src\features\conductor\presentation\widgets\documents\documents_summary_card.dart","lib",".dart","9660","True","256"
"lib\src\features\conductor\presentation\widgets\documents\documents_widgets.dart","lib",".dart","184","True","5"
"lib\src\features\conductor\presentation\widgets\documents\document_card.dart","lib",".dart","10710","True","288"
"lib\src\features\conductor\presentation\widgets\earnings\earnings_breakdown.dart","lib",".dart","9786","True","293"
"lib\src\features\conductor\presentation\widgets\earnings\earnings_empty_state.dart","lib",".dart","5546","True","168"
"lib\src\features\conductor\presentation\widgets\earnings\earnings_period_selector.dart","lib",".dart","5199","True","165"
"lib\src\features\conductor\presentation\widgets\earnings\earnings_shimmer.dart","lib",".dart","3197","True","94"
"lib\src\features\conductor\presentation\widgets\earnings\earnings_stats_grid.dart","lib",".dart","6304","True","190"
"lib\src\features\conductor\presentation\widgets\earnings\earnings_total_card.dart","lib",".dart","8225","True","252"
"lib\src\features\conductor\presentation\widgets\earnings\earnings_widgets.dart","lib",".dart","383","True","10"
"lib\src\features\conductor\presentation\widgets\help\emergency_banner.dart","lib",".dart","4409","True","126"
"lib\src\features\conductor\presentation\widgets\help\faq_item.dart","lib",".dart","5102","True","147"
"lib\src\features\conductor\presentation\widgets\help\help_widgets.dart","lib",".dart","143","True","4"
"lib\src\features\conductor\presentation\widgets\help\support_contact_card.dart","lib",".dart","4551","True","133"
"lib\src\features\conductor\presentation\widgets\settings\account_info_card.dart","lib",".dart","6590","True","182"
"lib\src\features\conductor\presentation\widgets\settings\settings_item.dart","lib",".dart","5056","True","145"
"lib\src\features\conductor\presentation\widgets\settings\settings_section.dart","lib",".dart","2737","True","81"
"lib\src\features\conductor\presentation\widgets\settings\settings_toggle.dart","lib",".dart","608","True","21"
"lib\src\features\conductor\presentation\widgets\settings\settings_widgets.dart","lib",".dart","176","True","5"
"lib\src\features\conductor\presentation\widgets\steps\vehicle_step_widget.dart","lib",".dart","39388","True","1045"
"lib\src\features\conductor\presentation\widgets\trip_history\trip_detail_bottom_sheet.dart","lib",".dart","27167","True","817"
"lib\src\features\conductor\presentation\widgets\trip_history\trip_filter_chips.dart","lib",".dart","6535","True","205"
"lib\src\features\conductor\presentation\widgets\trip_history\trip_history_card.dart","lib",".dart","15759","True","471"
"lib\src\features\conductor\presentation\widgets\trip_history\trip_history_empty_state.dart","lib",".dart","5556","True","167"
"lib\src\features\conductor\presentation\widgets\trip_history\trip_history_shimmer.dart","lib",".dart","8223","True","220"
"lib\src\features\conductor\presentation\widgets\trip_history\trip_history_widgets.dart","lib",".dart","432","True","11"
"lib\src\features\conductor\presentation\widgets\trip_history\trip_route_info.dart","lib",".dart","3114","True","114"
"lib\src\features\conductor\presentation\widgets\trip_history\trip_status_badge.dart","lib",".dart","2831","True","99"
"lib\src\features\conductor\presentation\widgets\vehicle\vehicle_empty_state.dart","lib",".dart","5892","True","151"
"lib\src\features\conductor\presentation\widgets\vehicle\vehicle_info_card.dart","lib",".dart","8726","True","218"
"lib\src\features\conductor\presentation\widgets\vehicle\vehicle_shimmer.dart","lib",".dart","3205","True","96"
"lib\src\features\conductor\presentation\widgets\vehicle\vehicle_status_card.dart","lib",".dart","5151","True","145"
"lib\src\features\conductor\presentation\widgets\vehicle\vehicle_widgets.dart","lib",".dart","180","True","5"
"lib\src\features\conductor\providers\conductor_earnings_provider.dart","lib",".dart","4609","True","149"
"lib\src\features\conductor\providers\conductor_profile_provider.dart","lib",".dart","14465","True","398"
"lib\src\features\conductor\providers\conductor_provider.dart","lib",".dart","6475","True","173"
"lib\src\features\conductor\providers\conductor_trips_provider.dart","lib",".dart","3842","True","109"
"lib\src\features\conductor\services\approval_notification_service.dart","lib",".dart","4421","True","97"
"lib\src\features\conductor\services\conductor_background_session_service.dart","lib",".dart","2584","True","55"
"lib\src\features\conductor\services\conductor_earnings_service.dart","lib",".dart","6723","True","197"
"lib\src\features\conductor\services\conductor_profile_service.dart","lib",".dart","8892","True","237"
"lib\src\features\conductor\services\conductor_service.dart","lib",".dart","12457","True","344"
"lib\src\features\conductor\services\conductor_trips_service.dart","lib",".dart","17398","True","474"
"lib\src\features\conductor\services\debt_payment_service.dart","lib",".dart","2469","True","74"
"lib\src\features\conductor\services\demand_zone_service.dart","lib",".dart","11579","True","342"
"lib\src\features\conductor\services\document_upload_service.dart","lib",".dart","5786","True","144"
"lib\src\features\conductor\services\navigation_launcher_service.dart","lib",".dart","9015","True","260"
"lib\src\features\conductor\services\resilient_conductor_service.dart","lib",".dart","9301","True","250"
"lib\src\features\conductor\services\trip_request_search_service.dart","lib",".dart","7564","True","236"
"lib\src\features\conductor\services\trip_tracking_service.dart","lib",".dart","22084","True","579"
"lib\src\features\conductor\services\trusted_driver_service.dart","lib",".dart","4992","True","141"
"lib\src\features\conductor\utils\colombian_plate_utils.dart","lib",".dart","64","True","1"
"lib\src\features\conductor\utils\debug_approval_reset.dart","lib",".dart","2147","True","54"
"lib\src\features\legal\guards\legal_guard.dart","lib",".dart","3670","True","102"
"lib\src\features\legal\presentation\screens\background_location_disclosure_screen.dart","lib",".dart","4588","True","119"
"lib\src\features\legal\presentation\screens\legal_acceptance_screen.dart","lib",".dart","14279","True","391"
"lib\src\features\legal\providers\legal_provider.dart","lib",".dart","4616","True","128"
"lib\src\features\legal\services\legal_content_service.dart","lib",".dart","7589","True","216"
"lib\src\features\location_sharing\presentation\screens\shared_location_view_screen.dart","lib",".dart","35683","True","942"
"lib\src\features\location_sharing\services\location_sharing_service.dart","lib",".dart","13258","True","339"
"lib\src\features\map\presentation\screens\location_picker_screen.dart","lib",".dart","36203","True","829"
"lib\src\features\map\presentation\screens\location_selection_screen.dart","lib",".dart","10357","True","286"
"lib\src\features\map\presentation\screens\map_example_screen.dart","lib",".dart","14374","True","388"
"lib\src\features\map\presentation\widgets\location_search_widget.dart","lib",".dart","3040","True","92"
"lib\src\features\map\presentation\widgets\osm_map_widget.dart","lib",".dart","10430","True","288"
"lib\src\features\map\providers\map_provider.dart","lib",".dart","8917","True","275"
"lib\src\features\maps\data\datasources\map_remote_datasource.dart","lib",".dart","9897","True","262"
"lib\src\features\maps\data\models\location_model.dart","lib",".dart","2382","True","71"
"lib\src\features\maps\data\repositories\map_repository_impl.dart","lib",".dart","3600","True","97"
"lib\src\features\maps\domain\entities\location.dart","lib",".dart","1320","True","48"
"lib\src\features\maps\domain\repositories\map_repository.dart","lib",".dart","879","True","20"
"lib\src\features\maps\domain\usecases\calculate_route.dart","lib",".dart","708","True","18"
"lib\src\features\maps\domain\usecases\geocode_address.dart","lib",".dart","579","True","15"
"lib\src\features\maps\presentation\providers\map_provider.dart","lib",".dart","2015","True","67"
"lib\src\features\notifications\notifications.dart","lib",".dart","487","True","14"
"lib\src\features\notifications\models\notification_model.dart","lib",".dart","7884","True","243"
"lib\src\features\notifications\presentation\screens\notifications_screen.dart","lib",".dart","34286","True","946"
"lib\src\features\notifications\presentation\widgets\notification_widgets.dart","lib",".dart","18586","True","545"
"lib\src\features\notifications\providers\notification_provider.dart","lib",".dart","16039","True","479"
"lib\src\features\notifications\services\notification_service.dart","lib",".dart","11536","True","329"
"lib\src\features\notifications\services\push_notification_service.dart","lib",".dart","9626","True","255"
"lib\src\features\onboarding\presentation\screens\onboarding_screen.dart","lib",".dart","13566","True","353"
"lib\src\features\profile\presentation\screens\edit_profile_screen.dart","lib",".dart","13368","True","348"
"lib\src\features\profile\presentation\screens\profile_screen.dart","lib",".dart","23126","True","556"
"lib\src\features\profile\presentation\utils\account_deletion_flow.dart","lib",".dart","5084","True","127"
"lib\src\features\profile\presentation\widgets\account_deletion\danger_zone_section.dart","lib",".dart","1652","True","46"
"lib\src\features\profile\presentation\widgets\account_deletion\delete_account_button.dart","lib",".dart","1134","True","33"
"lib\src\features\profile\presentation\widgets\account_deletion\deletion_confirmation_dialog.dart","lib",".dart","1134","True","32"
"lib\src\features\ride\presentation\screens\home_screen.dart","lib",".dart","9556","True","310"
"lib\src\features\support\presentation\screens\create_ticket_screen.dart","lib",".dart","14687","True","354"
"lib\src\features\support\presentation\screens\support_agent_desk_screen.dart","lib",".dart","8240","True","235"
"lib\src\features\support\presentation\screens\support_tech_home_screen.dart","lib",".dart","7781","True","225"
"lib\src\features\support\presentation\screens\support_tickets_screen.dart","lib",".dart","10013","True","296"
"lib\src\features\support\presentation\screens\ticket_chat_screen.dart","lib",".dart","14375","True","416"
"lib\src\features\support\services\support_service.dart","lib",".dart","15103","True","489"
"lib\src\features\test\debug_active_trips_helper.dart","lib",".dart","2286","True","65"
"lib\src\features\thali\presentation\screens\thali_love_screen.dart","lib",".dart","33079","True","737"
"lib\src\features\thali\presentation\theme\thali_colors.dart","lib",".dart","1763","True","51"
"lib\src\features\thali\presentation\widgets\floating_hearts_overlay.dart","lib",".dart","3824","True","118"
"lib\src\features\thali\presentation\widgets\love_message_card.dart","lib",".dart","5059","True","135"
"lib\src\features\thali\presentation\widgets\love_promise_carousel.dart","lib",".dart","5049","True","132"
"lib\src\features\thali\presentation\widgets\love_story_timeline.dart","lib",".dart","5340","True","137"
"lib\src\features\thali\presentation\widgets\memory_capsules_grid.dart","lib",".dart","7530","True","225"
"lib\src\features\thali\presentation\widgets\pulsing_heart.dart","lib",".dart","1680","True","57"
"lib\src\features\thali\presentation\widgets\thali_image_gallery.dart","lib",".dart","8048","True","238"
"lib\src\features\thali\services\thali_music_service.dart","lib",".dart","1234","True","37"
"lib\src\features\trips\data\datasources\trip_remote_datasource.dart","lib",".dart","13645","True","365"
"lib\src\features\trips\data\models\trip_model.dart","lib",".dart","4757","True","123"
"lib\src\features\trips\data\repositories\trip_repository_impl.dart","lib",".dart","7961","True","233"
"lib\src\features\trips\domain\entities\trip.dart","lib",".dart","6163","True","179"
"lib\src\features\trips\domain\repositories\trip_repository.dart","lib",".dart","2272","True","63"
"lib\src\features\trips\domain\usecases\accept_trip.dart","lib",".dart","819","True","24"
"lib\src\features\trips\domain\usecases\cancel_trip.dart","lib",".dart","866","True","29"
"lib\src\features\trips\domain\usecases\complete_trip.dart","lib",".dart","1063","True","32"
"lib\src\features\trips\domain\usecases\create_trip.dart","lib",".dart","1896","True","57"
"lib\src\features\trips\domain\usecases\get_active_trips.dart","lib",".dart","672","True","18"
"lib\src\features\trips\domain\usecases\get_trip_history.dart","lib",".dart","681","True","18"
"lib\src\features\trips\domain\usecases\rate_conductor.dart","lib",".dart","949","True","30"
"lib\src\features\trips\domain\usecases\start_trip.dart","lib",".dart","629","True","18"
"lib\src\features\trips\presentation\providers\trip_provider.dart","lib",".dart","6689","True","238"
"lib\src\features\user\data\datasources\user_local_datasource.dart","lib",".dart","1014","True","25"
"lib\src\features\user\data\datasources\user_local_datasource_impl.dart","lib",".dart","5611","True","136"
"lib\src\features\user\data\datasources\user_remote_datasource.dart","lib",".dart","2447","True","71"
"lib\src\features\user\data\datasources\user_remote_datasource_impl.dart","lib",".dart","7974","True","238"
"lib\src\features\user\data\local\search_history_service.dart","lib",".dart","3047","True","85"
"lib\src\features\user\data\models\user_model.dart","lib",".dart","8888","True","279"
"lib\src\features\user\data\repositories\user_repository_impl.dart","lib",".dart","10230","True","290"
"lib\src\features\user\data\services\company_vehicle_service.dart","lib",".dart","11610","True","275"
"lib\src\features\user\domain\entities\auth_session.dart","lib",".dart","1636","True","51"
"lib\src\features\user\domain\entities\user.dart","lib",".dart","6501","True","207"
"lib\src\features\user\domain\models\company_vehicle_models.dart","lib",".dart","10648","True","307"
"lib\src\features\user\domain\models\trip_models.dart","lib",".dart","6157","True","169"
"lib\src\features\user\domain\repositories\user_repository.dart","lib",".dart","4068","True","118"
"lib\src\features\user\domain\usecases\get_saved_session.dart","lib",".dart","1165","True","31"
"lib\src\features\user\domain\usecases\get_user_profile.dart","lib",".dart","1618","True","46"
"lib\src\features\user\domain\usecases\login_user.dart","lib",".dart","1849","True","54"
"lib\src\features\user\domain\usecases\logout_user.dart","lib",".dart","522","True","17"
"lib\src\features\user\domain\usecases\register_user.dart","lib",".dart","3842","True","111"
"lib\src\features\user\domain\usecases\update_user_location.dart","lib",".dart","2368","True","70"
"lib\src\features\user\domain\usecases\update_user_profile.dart","lib",".dart","2104","True","59"
"lib\src\features\user\presentation\providers\user_provider.dart","lib",".dart","8765","True","293"
"lib\src\features\user\presentation\screens\confirm_trip_screen.dart","lib",".dart","21662","True","582"
"lib\src\features\user\presentation\screens\enhanced_destination_screen.dart","lib",".dart","21902","True","613"
"lib\src\features\user\presentation\screens\favorite_drivers_screen.dart","lib",".dart","12177","True","333"
"lib\src\features\user\presentation\screens\home_user.dart","lib",".dart","36652","True","955"
"lib\src\features\user\presentation\screens\location_picker_screen.dart","lib",".dart","24175","True","638"
"lib\src\features\user\presentation\screens\pickup_selection_screen.dart","lib",".dart","18637","True","508"
"lib\src\features\user\presentation\screens\request_trip_screen.dart","lib",".dart","66791","True","1737"
"lib\src\features\user\presentation\screens\searching_driver_screen.dart","lib",".dart","31389","True","885"
"lib\src\features\user\presentation\screens\settings_screen.dart","lib",".dart","18315","True","448"
"lib\src\features\user\presentation\screens\trip_history_screen.dart","lib",".dart","17633","True","481"
"lib\src\features\user\presentation\screens\trip_preview_screen.dart","lib",".dart","71501","True","1833"
"lib\src\features\user\presentation\screens\user_active_trip_screen.dart","lib",".dart","82226","True","2174"
"lib\src\features\user\presentation\screens\user_profile_screen.dart","lib",".dart","35857","True","920"
"lib\src\features\user\presentation\screens\user_trip_accepted_screen.dart","lib",".dart","46078","True","1298"
"lib\src\features\user\presentation\widgets\custom_bottom_nav_bar.dart","lib",".dart","5255","True","153"
"lib\src\features\user\presentation\widgets\glass_container.dart","lib",".dart","5102","True","164"
"lib\src\features\user\presentation\widgets\glass_widgets.dart","lib",".dart","21303","True","681"
"lib\src\features\user\presentation\widgets\location_input.dart","lib",".dart","5277","True","140"
"lib\src\features\user\presentation\widgets\map_location_picker_sheet.dart","lib",".dart","20252","True","578"
"lib\src\features\user\presentation\widgets\map_markers.dart","lib",".dart","13473","True","394"
"lib\src\features\user\presentation\widgets\quick_action.dart","lib",".dart","2420","True","69"
"lib\src\features\user\presentation\widgets\saved_locations_widget.dart","lib",".dart","4684","True","145"
"lib\src\features\user\presentation\widgets\search_suggestions_widget.dart","lib",".dart","12029","True","338"
"lib\src\features\user\presentation\widgets\destination\destination_widgets.dart","lib",".dart","248","True","7"
"lib\src\features\user\presentation\widgets\destination\inline_suggestions.dart","lib",".dart","28000","True","744"
"lib\src\features\user\presentation\widgets\destination\location_card.dart","lib",".dart","5093","True","140"
"lib\src\features\user\presentation\widgets\destination\location_search_sheet.dart","lib",".dart","21898","True","621"
"lib\src\features\user\presentation\widgets\destination\route_map.dart","lib",".dart","7027","True","236"
"lib\src\features\user\presentation\widgets\destination\stop_card.dart","lib",".dart","4561","True","129"
"lib\src\features\user\presentation\widgets\destination\stop_search_sheet.dart","lib",".dart","983","True","27"
"lib\src\features\user\presentation\widgets\destination\enhanced\confirm_button.dart","lib",".dart","2248","True","63"
"lib\src\features\user\presentation\widgets\destination\enhanced\destination_header.dart","lib",".dart","3519","True","116"
"lib\src\features\user\presentation\widgets\destination\enhanced\inline_waypoints.dart","lib",".dart","3989","True","111"
"lib\src\features\user\presentation\widgets\destination\enhanced\saved_locations_row.dart","lib",".dart","2533","True","71"
"lib\src\features\user\presentation\widgets\destination\enhanced\waypoints_list.dart","lib",".dart","2927","True","88"
"lib\src\features\user\presentation\widgets\destination\enhanced\waypoints_panel.dart","lib",".dart","967","True","33"
"lib\src\features\user\presentation\widgets\destination\enhanced\waypoint_tiles.dart","lib",".dart","12819","True","325"
"lib\src\features\user\presentation\widgets\home\map_loading_shimmer.dart","lib",".dart","1218","True","34"
"lib\src\features\user\presentation\widgets\pickup\pickup_bottom_panel.dart","lib",".dart","6599","True","202"
"lib\src\features\user\presentation\widgets\pickup\pickup_center_button.dart","lib",".dart","961","True","33"
"lib\src\features\user\presentation\widgets\pickup\pickup_center_pin.dart","lib",".dart","5994","True","171"
"lib\src\features\user\presentation\widgets\pickup\pickup_header.dart","lib",".dart","2222","True","64"
"lib\src\features\user\presentation\widgets\pickup\pickup_loading_overlay.dart","lib",".dart","937","True","30"
"lib\src\features\user\presentation\widgets\pickup\pickup_map.dart","lib",".dart","5705","True","171"
"lib\src\features\user\presentation\widgets\pickup\pickup_snapping_indicator.dart","lib",".dart","1711","True","52"
"lib\src\features\user\presentation\widgets\profile\user_profile_shimmer.dart","lib",".dart","6539","True","209"
"lib\src\features\user\presentation\widgets\searching_driver\searching_driver_bottom_panel.dart","lib",".dart","8827","True","233"
"lib\src\features\user\presentation\widgets\searching_driver\searching_driver_header.dart","lib",".dart","7794","True","218"
"lib\src\features\user\presentation\widgets\trip_history\trip_conductor_avatar.dart","lib",".dart","2851","True","83"
"lib\src\features\user\presentation\widgets\trip_history\trip_detail_bottom_sheet.dart","lib",".dart","30989","True","934"
"lib\src\features\user\presentation\widgets\trip_history\trip_history_card.dart","lib",".dart","18923","True","502"
"lib\src\features\user\presentation\widgets\trip_history\trip_history_empty_state.dart","lib",".dart","8085","True","208"
"lib\src\features\user\presentation\widgets\trip_history\trip_history_filters.dart","lib",".dart","5458","True","166"
"lib\src\features\user\presentation\widgets\trip_history\trip_history_header.dart","lib",".dart","7287","True","208"
"lib\src\features\user\presentation\widgets\trip_history\trip_history_shimmer.dart","lib",".dart","8209","True","278"
"lib\src\features\user\presentation\widgets\trip_history\trip_history_summary_card.dart","lib",".dart","7554","True","233"
"lib\src\features\user\presentation\widgets\trip_history\trip_history_widgets.dart","lib",".dart","332","True","8"
"lib\src\features\user\presentation\widgets\trip_preview\company_details_sheet.dart","lib",".dart","24099","True","684"
"lib\src\features\user\presentation\widgets\trip_preview\company_picker_sheet.dart","lib",".dart","28982","True","690"
"lib\src\features\user\presentation\widgets\trip_preview\company_selector_widget.dart","lib",".dart","7882","True","234"
"lib\src\features\user\presentation\widgets\trip_preview\trip_preview_top_overlay.dart","lib",".dart","16488","True","438"
"lib\src\features\user\presentation\widgets\trip_preview\trip_price_formatter.dart","lib",".dart","294","True","9"
"lib\src\features\user\presentation\widgets\trip_preview\trip_vehicle_bottom_sheet.dart","lib",".dart","27672","True","673"
"lib\src\features\user\presentation\widgets\trip_preview\trip_vehicle_detail_sheet.dart","lib",".dart","13368","True","343"
"lib\src\features\user\presentation\widgets\user_active_trip\driver_detail_sheet.dart","lib",".dart","28256","True","768"
"lib\src\features\user\presentation\widgets\user_active_trip\trip_completed_dialog.dart","lib",".dart","6965","True","187"
"lib\src\features\user\presentation\widgets\user_active_trip\trip_info_panel.dart","lib",".dart","11981","True","352"
"lib\src\features\user\presentation\widgets\user_active_trip\trip_progress_card.dart","lib",".dart","8024","True","223"
"lib\src\features\user\presentation\widgets\user_active_trip\trip_status_header.dart","lib",".dart","6921","True","211"
"lib\src\features\user\presentation\widgets\user_active_trip\user_active_trip_widgets.dart","lib",".dart","211","True","6"
"lib\src\features\user\presentation\widgets\user_trip_accepted\draggable_driver_panel.dart","lib",".dart","22388","True","668"
"lib\src\features\user\presentation\widgets\user_trip_accepted\user_trip_accepted_driver_panel.dart","lib",".dart","1411","True","44"
"lib\src\features\user\presentation\widgets\user_trip_accepted\user_trip_accepted_focus_button.dart","lib",".dart","1215","True","40"
"lib\src\features\user\presentation\widgets\user_trip_accepted\user_trip_accepted_header.dart","lib",".dart","6461","True","171"
"lib\src\features\user\presentation\widgets\user_trip_accepted\user_trip_accepted_map.dart","lib",".dart","9653","True","259"
"lib\src\features\user\providers\user_trips_provider.dart","lib",".dart","4055","True","122"
"lib\src\features\user\services\client_tracking_service.dart","lib",".dart","25578","True","658"
"lib\src\features\user\services\driver_marker_controller.dart","lib",".dart","1388","True","36"
"lib\src\features\user\services\driver_position_predictor.dart","lib",".dart","1284","True","34"
"lib\src\features\user\services\driver_tracking_stream_service.dart","lib",".dart","2418","True","69"
"lib\src\features\user\services\gps_filter.dart","lib",".dart","971","True","32"
"lib\src\features\user\services\resilient_trip_request_service.dart","lib",".dart","7073","True","190"
"lib\src\features\user\services\roads_map_matching_service.dart","lib",".dart","1363","True","33"
"lib\src\features\user\services\trip_request_service.dart","lib",".dart","14661","True","409"
"lib\src\features\user\services\trip_sse_service.dart","lib",".dart","4472","True","141"
"lib\src\features\user\services\user_trips_service.dart","lib",".dart","13821","True","377"
"lib\src\global\config\api_config.dart","lib",".dart","778","True","18"
"lib\src\global\models\app_user_settings.dart","lib",".dart","2174","True","59"
"lib\src\global\models\location_data.dart","lib",".dart","1035","True","38"
"lib\src\global\models\simple_location.dart","lib",".dart","4025","True","122"
"lib\src\global\providers\location_provider.dart","lib",".dart","4618","True","130"
"lib\src\global\services\active_trip_navigation_service.dart","lib",".dart","11135","True","288"
"lib\src\global\services\app_secrets_service.dart","lib",".dart","7197","True","159"
"lib\src\global\services\app_user_settings_service.dart","lib",".dart","3099","True","79"
"lib\src\global\services\biometric_auth_service.dart","lib",".dart","826","True","27"
"lib\src\global\services\chat_service.dart","lib",".dart","12044","True","342"
"lib\src\global\services\country_availability_service.dart","lib",".dart","1466","True","45"
"lib\src\global\services\device_id_service.dart","lib",".dart","2651","True","63"
"lib\src\global\services\dispute_service.dart","lib",".dart","7293","True","210"
"lib\src\global\services\email_service.dart","lib",".dart","5630","True","163"
"lib\src\global\services\google_places_service.dart","lib",".dart","23959","True","668"
"lib\src\global\services\landmark_resolver_service.dart","lib",".dart","7044","True","193"
"lib\src\global\services\local_notification_service.dart","lib",".dart","7383","True","181"
"lib\src\global\services\location_cache_service.dart","lib",".dart","3986","True","118"
"lib\src\global\services\location_service.dart","lib",".dart","4823","True","136"
"lib\src\global\services\location_suggestion_service.dart","lib",".dart","11949","True","349"
"lib\src\global\services\mapbox_service.dart","lib",".dart","35761","True","968"
"lib\src\global\services\map_service.dart","lib",".dart","935","True","23"
"lib\src\global\services\poi_resolver_service.dart","lib",".dart","6983","True","195"
"lib\src\global\services\quota_monitor_service.dart","lib",".dart","8380","True","204"
"lib\src\global\services\rating_service.dart","lib",".dart","8130","True","226"
"lib\src\global\services\route_preview_cache.dart","lib",".dart","6485","True","193"
"lib\src\global\services\sound_service.dart","lib",".dart","7359","True","173"
"lib\src\global\services\system_overlay_service.dart","lib",".dart","8671","True","225"
"lib\src\global\services\text_search_resolver_service.dart","lib",".dart","7503","True","205"
"lib\src\global\services\traffic_service.dart","lib",".dart","9209","True","273"
"lib\src\global\services\trip_persistence_service.dart","lib",".dart","4387","True","116"
"lib\src\global\services\trip_status_navigation_service.dart","lib",".dart","8714","True","222"
"lib\src\global\services\user_block_service.dart","lib",".dart","4782","True","136"
"lib\src\global\services\admin\admin_service.dart","lib",".dart","15852","True","430"
"lib\src\global\services\auth\google_auth_service.dart","lib",".dart","9775","True","285"
"lib\src\global\services\auth\user_service.dart","lib",".dart","46168","True","1281"
"lib\src\global\services\legal\legal_links_service.dart","lib",".dart","1871","True","53"
"lib\src\global\widgets\active_trip_alert.dart","lib",".dart","10308","True","266"
"lib\src\global\widgets\floating_trip_fab.dart","lib",".dart","9859","True","310"
"lib\src\global\widgets\map_retry_wrapper.dart","lib",".dart","5712","True","180"
"lib\src\global\widgets\chat\chat_bubble.dart","lib",".dart","7932","True","213"
"lib\src\global\widgets\chat\chat_button.dart","lib",".dart","5156","True","164"
"lib\src\global\widgets\chat\chat_input_field.dart","lib",".dart","5102","True","151"
"lib\src\global\widgets\chat\chat_screen.dart","lib",".dart","17571","True","520"
"lib\src\global\widgets\chat\chat_widgets.dart","lib",".dart","276","True","9"
"lib\src\global\widgets\chat\quick_messages.dart","lib",".dart","12672","True","420"
"lib\src\global\widgets\dispute\dispute_alert_overlay.dart","lib",".dart","13533","True","350"
"lib\src\global\widgets\trip_completion\client_payment_confirm_card.dart","lib",".dart","11772","True","322"
"lib\src\global\widgets\trip_completion\payment_status_card.dart","lib",".dart","12620","True","351"
"lib\src\global\widgets\trip_completion\star_rating_widget.dart","lib",".dart","5755","True","194"
"lib\src\global\widgets\trip_completion\trip_completion_screen.dart","lib",".dart","50660","True","1289"
"lib\src\global\widgets\trip_completion\trip_completion_widgets.dart","lib",".dart","380","True","10"
"lib\src\global\widgets\trip_completion\trip_summary_card.dart","lib",".dart","13822","True","406"
"lib\src\providers\database_provider.dart","lib",".dart","1872","True","45"
"lib\src\routes\animated_routes.dart","lib",".dart","1383","True","32"
"lib\src\routes\app_router.dart","lib",".dart","32000","True","723"
"lib\src\routes\route_names.dart","lib",".dart","4095","True","81"
"lib\src\shared\widgets\company_logo.dart","lib",".dart","1075","True","38"
"lib\src\shared\widgets\resilient_action_button.dart","lib",".dart","13658","True","466"
"lib\src\shared\widgets\trip_user_profile_sheet.dart","lib",".dart","6521","True","200"
"lib\src\shared\widgets\user_block_action_button.dart","lib",".dart","4428","True","127"
"lib\src\theme\app_colors.dart","lib",".dart","5348","True","131"
"lib\src\theme\app_theme.dart","lib",".dart","13699","True","333"
"lib\src\theme\theme.dart","lib",".dart","619","True","22"
"lib\src\theme\theme_provider.dart","lib",".dart","4969","True","145"
"lib\src\theme\widgets\theme_toggle_button.dart","lib",".dart","8249","True","246"
"lib\src\widgets\auth_text_area.dart","lib",".dart","5545","True","143"
"lib\src\widgets\auth_text_field.dart","lib",".dart","5022","True","136"
"lib\src\widgets\auth_wrapper.dart","lib",".dart","11294","True","270"
"lib\src\widgets\entrance_fader.dart","lib",".dart","1692","True","52"
"lib\src\widgets\profile_photo_picker.dart","lib",".dart","12645","True","393"
"lib\src\widgets\quota_alert_widget.dart","lib",".dart","14115","True","448"
"lib\src\widgets\README.md","lib",".md","7474","True","237"
"lib\src\widgets\dialogs\admin_dialog_helper.dart","lib",".dart","30562","True","791"
"lib\src\widgets\dialogs\critical_action_dialog.dart","lib",".dart","1545","True","46"
"lib\src\widgets\dialogs\custom_dialog.dart","lib",".dart","12437","True","316"
"lib\src\widgets\dialogs\dialogs_example_screen.dart","lib",".dart","8876","True","222"
"lib\src\widgets\dialogs\dialog_helper.dart","lib",".dart","4055","True","126"
"lib\src\widgets\dialogs\logout_dialog.dart","lib",".dart","7339","True","192"
"lib\src\widgets\help\emergency_banner.dart","lib",".dart","4411","True","126"
"lib\src\widgets\help\faq_item.dart","lib",".dart","5104","True","147"
"lib\src\widgets\help\help_screen.dart","lib",".dart","27479","True","687"
"lib\src\widgets\help\help_widgets.dart","lib",".dart","143","True","4"
"lib\src\widgets\help\support_contact_card.dart","lib",".dart","4553","True","133"
"lib\src\widgets\shared\dashboard_widgets.dart","lib",".dart","13222","True","426"
"lib\src\widgets\shared\glass_container.dart","lib",".dart","2965","True","96"
"lib\src\widgets\shared\shimmer_loading.dart","lib",".dart","7032","True","227"
"lib\src\widgets\snackbars\custom_snackbar.dart","lib",".dart","7516","True","230"
"linux\.gitignore","linux",".gitignore","19","True","1"
"linux\CMakeLists.txt","linux",".txt","4871","True","104"
"linux\flutter\CMakeLists.txt","linux",".txt","2903","True","79"
"linux\flutter\generated_plugins.cmake","linux",".cmake","809","False","0"
"linux\flutter\generated_plugin_registrant.cc","linux",".cc","1206","False","0"
"linux\flutter\generated_plugin_registrant.h","linux",".h","303","True","10"
"linux\runner\CMakeLists.txt","linux",".txt","1000","True","21"
"linux\runner\main.cc","linux",".cc","186","False","0"
"linux\runner\my_application.cc","linux",".cc","5484","False","0"
"linux\runner\my_application.h","linux",".h","406","True","14"
"macos\.gitignore","macos",".gitignore","96","True","6"
"macos\Flutter\Flutter-Debug.xcconfig","macos",".xcconfig","49","False","0"
"macos\Flutter\Flutter-Release.xcconfig","macos",".xcconfig","49","False","0"
"macos\Flutter\GeneratedPluginRegistrant.swift","macos",".swift","2174","True","41"
"macos\Flutter\ephemeral\Flutter-Generated.xcconfig","macos",".xcconfig","378","False","0"
"macos\Flutter\ephemeral\flutter_export_environment.sh","macos",".sh","477","True","12"
"macos\Runner\AppDelegate.swift","macos",".swift","324","True","11"
"macos\Runner\DebugProfile.entitlements","macos",".entitlements","360","False","0"
"macos\Runner\Info.plist","macos",".plist","1092","True","32"
"macos\Runner\MainFlutterWindow.swift","macos",".swift","403","True","12"
"macos\Runner\Release.entitlements","macos",".entitlements","248","False","0"
"macos\Runner\Assets.xcassets\AppIcon.appiconset\app_icon_1024.png","macos",".png","102994","False","0"
"macos\Runner\Assets.xcassets\AppIcon.appiconset\app_icon_128.png","macos",".png","5680","False","0"
"macos\Runner\Assets.xcassets\AppIcon.appiconset\app_icon_16.png","macos",".png","520","False","0"
"macos\Runner\Assets.xcassets\AppIcon.appiconset\app_icon_256.png","macos",".png","14142","False","0"
"macos\Runner\Assets.xcassets\AppIcon.appiconset\app_icon_32.png","macos",".png","1066","False","0"
"macos\Runner\Assets.xcassets\AppIcon.appiconset\app_icon_512.png","macos",".png","36406","False","0"
"macos\Runner\Assets.xcassets\AppIcon.appiconset\app_icon_64.png","macos",".png","2218","False","0"
"macos\Runner\Assets.xcassets\AppIcon.appiconset\Contents.json","macos",".json","1359","True","68"
"macos\Runner\Base.lproj\MainMenu.xib","macos",".xib","24072","False","0"
"macos\Runner\Configs\AppInfo.xcconfig","macos",".xcconfig","605","False","0"
"macos\Runner\Configs\Debug.xcconfig","macos",".xcconfig","79","False","0"
"macos\Runner\Configs\Release.xcconfig","macos",".xcconfig","81","False","0"
"macos\Runner\Configs\Warnings.xcconfig","macos",".xcconfig","593","False","0"
"macos\Runner.xcodeproj\project.pbxproj","macos",".pbxproj","27048","True","689"
"macos\Runner.xcodeproj\project.xcworkspace\xcshareddata\IDEWorkspaceChecks.plist","macos",".plist","246","True","8"
"macos\Runner.xcodeproj\xcshareddata\xcschemes\Runner.xcscheme","macos",".xcscheme","3786","True","99"
"macos\Runner.xcworkspace\contents.xcworkspacedata","macos",".xcworkspacedata","159","False","0"
"macos\Runner.xcworkspace\xcshareddata\IDEWorkspaceChecks.plist","macos",".plist","246","True","8"
"macos\RunnerTests\RunnerTests.swift","macos",".swift","302","True","9"
"scripts\check_invoice_row.php","scripts",".php","490","True","8"
"scripts\count_parens.py","scripts",".py","996","False","0"
"scripts\debug_invoice_html_dump.php","scripts",".php","1062","True","26"
"scripts\qa_recargo_traffic.php","scripts",".php","3263","True","71"
"scripts\refresh_invoice_with_emisor_profile.php","scripts",".php","2595","True","58"
"scripts\regenerate_invoices_pdf.php","scripts",".php","1219","True","30"
"scripts\regenerate_one_invoice.php","scripts",".php","1084","True","29"
"scripts\viaxcol.nginx.conf","scripts",".conf","965","False","0"
"sitioweb\.env.development","sitioweb",".development","472","False","0"
"sitioweb\.env.production","sitioweb",".production","411","False","0"
"sitioweb\.gitignore","sitioweb",".gitignore","329","True","26"
"sitioweb\build_log.txt","sitioweb",".txt","4450","True","108"
"sitioweb\build_log3.txt","sitioweb",".txt","4968","True","114"
"sitioweb\build_log_utf8.txt","sitioweb",".txt","2491","True","114"
"sitioweb\build_output.txt","sitioweb",".txt","1672","True","29"
"sitioweb\build_output2.txt","sitioweb",".txt","2652","True","48"
"sitioweb\index.html","sitioweb",".html","2304","True","37"
"sitioweb\package-lock.json","sitioweb",".json","132396","True","3503"
"sitioweb\package.json","sitioweb",".json","565","True","25"
"sitioweb\README.md","sitioweb",".md","919","True","15"
"sitioweb\vite.config.js","sitioweb",".js","368","True","18"
"sitioweb\.github\workflows\deploy.yml","sitioweb",".yml","1742","True","52"
"sitioweb\dist\index.html","sitioweb",".html","2402","True","38"
"sitioweb\dist\logo.png","sitioweb",".png","292605","False","0"
"sitioweb\dist\robots.txt","sitioweb",".txt","94","True","4"
"sitioweb\dist\site.webmanifest","sitioweb",".webmanifest","527","False","0"
"sitioweb\dist\sitemap.xml","sitioweb",".xml","1173","True","39"
"sitioweb\dist\assets\index-CCRLdQdo.css","sitioweb",".css","146242","True","1"
"sitioweb\dist\assets\index-CVpSeXlY.js","sitioweb",".js","2863542","True","4657"
"sitioweb\dist\vehicles\auto3d.png","sitioweb",".png","2530204","False","0"
"sitioweb\dist\vehicles\moto3d.png","sitioweb",".png","1288828","False","0"
"sitioweb\dist\vehicles\mototaxi3d.png","sitioweb",".png","2403226","False","0"
"sitioweb\dist\vehicles\taxi3d.png","sitioweb",".png","2540614","False","0"
"sitioweb\public\logo.png","sitioweb",".png","292605","False","0"
"sitioweb\public\robots.txt","sitioweb",".txt","94","True","4"
"sitioweb\public\site.webmanifest","sitioweb",".webmanifest","527","False","0"
"sitioweb\public\sitemap.xml","sitioweb",".xml","1173","True","39"
"sitioweb\public\vehicles\auto3d.png","sitioweb",".png","2530204","False","0"
"sitioweb\public\vehicles\moto3d.png","sitioweb",".png","1288828","False","0"
"sitioweb\public\vehicles\mototaxi3d.png","sitioweb",".png","2403226","False","0"
"sitioweb\public\vehicles\taxi3d.png","sitioweb",".png","2540614","False","0"
"sitioweb\src\App.jsx","sitioweb",".jsx","9511","True","190"
"sitioweb\src\main.jsx","sitioweb",".jsx","560","True","17"
"sitioweb\src\styles.css","sitioweb",".css","44816","True","2056"
"sitioweb\src\components\Download.jsx","sitioweb",".jsx","1470","True","41"
"sitioweb\src\components\FaqSection.jsx","sitioweb",".jsx","2034","True","48"
"sitioweb\src\components\Features.jsx","sitioweb",".jsx","4995","True","156"
"sitioweb\src\components\Footer.jsx","sitioweb",".jsx","2663","True","77"
"sitioweb\src\components\ForCompanies.jsx","sitioweb",".jsx","4038","True","91"
"sitioweb\src\components\ForDrivers.jsx","sitioweb",".jsx","2803","True","81"
"sitioweb\src\components\Header.jsx","sitioweb",".jsx","3353","True","82"
"sitioweb\src\components\Hero.jsx","sitioweb",".jsx","7462","True","176"
"sitioweb\src\components\HowItWorks.jsx","sitioweb",".jsx","1899","True","56"
"sitioweb\src\components\LegalView.jsx","sitioweb",".jsx","3067","True","76"
"sitioweb\src\components\Safety.jsx","sitioweb",".jsx","2242","True","60"
"sitioweb\src\components\SeoMeta.jsx","sitioweb",".jsx","1883","True","45"
"sitioweb\src\components\VehicleTypes.jsx","sitioweb",".jsx","2175","True","61"
"sitioweb\src\components\routing\RoleRoute.jsx","sitioweb",".jsx","1607","True","30"
"sitioweb\src\config\env.js","sitioweb",".js","333","True","8"
"sitioweb\src\config\firebase.js","sitioweb",".js","1198","True","28"
"sitioweb\src\config\httpClient.js","sitioweb",".js","1427","True","39"
"sitioweb\src\data\legalContent.js","sitioweb",".js","33960","True","522"
"sitioweb\src\features\admin\layout\AdminHeader.jsx","sitioweb",".jsx","653","True","19"
"sitioweb\src\features\admin\layout\AdminLayout.css","sitioweb",".css","8437","True","327"
"sitioweb\src\features\admin\layout\AdminLayout.jsx","sitioweb",".jsx","1049","True","26"
"sitioweb\src\features\admin\layout\AdminSidebar.jsx","sitioweb",".jsx","3681","True","71"
"sitioweb\src\features\admin\pages\AdminAudit.jsx","sitioweb",".jsx","11527","True","175"
"sitioweb\src\features\admin\pages\AdminCompanies.jsx","sitioweb",".jsx","13737","True","241"
"sitioweb\src\features\admin\pages\AdminCompanyPayments.jsx","sitioweb",".jsx","86105","True","1193"
"sitioweb\src\features\admin\pages\AdminConductors.jsx","sitioweb",".jsx","18006","True","237"
"sitioweb\src\features\admin\pages\AdminDashboard.jsx","sitioweb",".jsx","7905","True","148"
"sitioweb\src\features\admin\pages\AdminFinances.jsx","sitioweb",".jsx","13423","True","217"
"sitioweb\src\features\admin\pages\AdminUsers.css","sitioweb",".css","2968","True","115"
"sitioweb\src\features\admin\pages\AdminUsers.jsx","sitioweb",".jsx","15632","True","298"
"sitioweb\src\features\admin\services\adminService.js","sitioweb",".js","12333","True","345"
"sitioweb\src\features\auth\components\AuthInput.css","sitioweb",".css","3886","True","151"
"sitioweb\src\features\auth\components\AuthInput.jsx","sitioweb",".jsx","3699","True","85"
"sitioweb\src\features\auth\components\OtpInput.css","sitioweb",".css","1378","True","50"
"sitioweb\src\features\auth\components\OtpInput.jsx","sitioweb",".jsx","2254","True","58"
"sitioweb\src\features\auth\context\AuthContext.jsx","sitioweb",".jsx","9252","True","214"
"sitioweb\src\features\auth\pages\AuthPage.css","sitioweb",".css","9287","True","360"
"sitioweb\src\features\auth\pages\CompanyRegisterPage.jsx","sitioweb",".jsx","33591","True","629"
"sitioweb\src\features\auth\pages\ForgotPasswordPage.jsx","sitioweb",".jsx","8740","True","175"
"sitioweb\src\features\auth\pages\LoginPage.jsx","sitioweb",".jsx","4475","True","103"
"sitioweb\src\features\auth\pages\RegisterPage.jsx","sitioweb",".jsx","14475","True","431"
"sitioweb\src\features\auth\services\authService.js","sitioweb",".js","7517","True","206"
"sitioweb\src\features\cliente\layout\ClienteLayout.jsx","sitioweb",".jsx","3243","True","61"
"sitioweb\src\features\cliente\pages\ClienteDashboard.jsx","sitioweb",".jsx","8775","True","156"
"sitioweb\src\features\cliente\pages\ClienteProfile.jsx","sitioweb",".jsx","3242","True","59"
"sitioweb\src\features\cliente\services\clienteService.js","sitioweb",".js","1113","True","15"
"sitioweb\src\features\conductor\layout\ConductorLayout.jsx","sitioweb",".jsx","3314","True","60"
"sitioweb\src\features\conductor\pages\ConductorDashboard.jsx","sitioweb",".jsx","7666","True","122"
"sitioweb\src\features\conductor\pages\ConductorEarnings.jsx","sitioweb",".jsx","8820","True","152"
"sitioweb\src\features\conductor\pages\ConductorProfile.jsx","sitioweb",".jsx","6965","True","117"
"sitioweb\src\features\conductor\services\conductorService.js","sitioweb",".js","1292","True","16"
"sitioweb\src\features\empresa\layout\EmpresaLayout.jsx","sitioweb",".jsx","5471","True","107"
"sitioweb\src\features\empresa\pages\EmpresaCommissions.css","sitioweb",".css","3239","True","132"
"sitioweb\src\features\empresa\pages\EmpresaCommissions.jsx","sitioweb",".jsx","48513","True","675"
"sitioweb\src\features\empresa\pages\EmpresaConductors.jsx","sitioweb",".jsx","8609","True","136"
"sitioweb\src\features\empresa\pages\EmpresaDashboard.jsx","sitioweb",".jsx","15960","True","254"
"sitioweb\src\features\empresa\pages\EmpresaFinances.jsx","sitioweb",".jsx","11872","True","215"
"sitioweb\src\features\empresa\pages\EmpresaPlatformPayment.jsx","sitioweb",".jsx","25299","True","422"
"sitioweb\src\features\empresa\pages\EmpresaReports.jsx","sitioweb",".jsx","20541","True","347"
"sitioweb\src\features\empresa\pages\EmpresaSettings.jsx","sitioweb",".jsx","42806","True","657"
"sitioweb\src\features\empresa\pages\EmpresaTarifas.jsx","sitioweb",".jsx","39765","True","629"
"sitioweb\src\features\empresa\services\empresaService.js","sitioweb",".js","14099","True","285"
"sitioweb\src\features\locationShare\api\locationShareApi.js","sitioweb",".js","1270","True","39"
"sitioweb\src\features\locationShare\hooks\useSharedLocation.js","sitioweb",".js","1967","True","58"
"sitioweb\src\features\locationShare\pages\LocationSharePage.jsx","sitioweb",".jsx","27060","True","561"
"sitioweb\src\features\locationShare\styles\locationShare.css","sitioweb",".css","11772","True","517"
"sitioweb\src\features\shared\DashboardLayout.css","sitioweb",".css","8408","True","340"
"sitioweb\src\features\shared\components\AppSnackbar.jsx","sitioweb",".jsx","3752","True","76"
"sitioweb\src\features\shared\components\CookieConsentBanner.jsx","sitioweb",".jsx","5368","True","121"
"sitioweb\src\features\shared\components\CurrencyInput.jsx","sitioweb",".jsx","6254","True","154"
"sitioweb\src\features\shared\components\DashboardHeader.jsx","sitioweb",".jsx","2890","True","72"
"sitioweb\src\features\shared\components\DesignSystem.css","sitioweb",".css","30519","True","1236"
"sitioweb\src\features\shared\components\EmptyState.jsx","sitioweb",".jsx","732","True","23"
"sitioweb\src\features\shared\components\FilterBar.jsx","sitioweb",".jsx","862","True","28"
"sitioweb\src\features\shared\components\GlassStatCard.jsx","sitioweb",".jsx","1194","True","40"
"sitioweb\src\features\shared\components\GlobalScrollbar.css","sitioweb",".css","977","True","33"
"sitioweb\src\features\shared\components\GlobalScrollbar.jsx","sitioweb",".jsx","107","True","3"
"sitioweb\src\features\shared\components\InfoTooltip.jsx","sitioweb",".jsx","3308","True","72"
"sitioweb\src\features\shared\components\NotificationBell.css","sitioweb",".css","5140","True","213"
"sitioweb\src\features\shared\components\NotificationBell.jsx","sitioweb",".jsx","15070","True","341"
"sitioweb\src\features\shared\components\PageHeader.jsx","sitioweb",".jsx","571","True","14"
"sitioweb\src\features\shared\components\Pagination.jsx","sitioweb",".jsx","1260","True","35"
"sitioweb\src\features\shared\components\ProfileAvatar.jsx","sitioweb",".jsx","1985","True","63"
"sitioweb\src\features\shared\components\SearchableModal.css","sitioweb",".css","6126","True","253"
"sitioweb\src\features\shared\components\SearchableModal.jsx","sitioweb",".jsx","7899","True","185"
"sitioweb\src\features\shared\components\ShimmerLoader.css","sitioweb",".css","3391","True","126"
"sitioweb\src\features\shared\components\ShimmerLoader.jsx","sitioweb",".jsx","3787","True","83"
"sitioweb\src\features\shared\components\StatusBadge.jsx","sitioweb",".jsx","3302","True","63"
"sitioweb\src\features\shared\components\ViaxCharts.jsx","sitioweb",".jsx","5558","True","126"
"sitioweb\src\features\shared\context\ThemeContext.jsx","sitioweb",".jsx","1166","True","32"
"sitioweb\src\features\shared\pages\DashboardNotificationsPage.css","sitioweb",".css","5514","True","229"
"sitioweb\src\features\shared\pages\DashboardNotificationsPage.jsx","sitioweb",".jsx","18905","True","419"
"sitioweb\src\features\shared\pages\DashboardSupportPage.css","sitioweb",".css","8220","True","334"
"sitioweb\src\features\shared\pages\DashboardSupportPage.jsx","sitioweb",".jsx","28397","True","537"
"sitioweb\src\features\shared\services\notificationService.js","sitioweb",".js","3975","True","125"
"sitioweb\src\features\shared\services\supportService.js","sitioweb",".js","3995","True","109"
"sitioweb\src\features\shared\utils\notificationRedirect.js","sitioweb",".js","3352","True","73"
"sitioweb\src\features\shared\utils\validators.js","sitioweb",".js","1690","True","48"
"sitioweb\src\pages\ClientesPage.jsx","sitioweb",".jsx","1587","True","46"
"sitioweb\src\pages\ConductoresPage.jsx","sitioweb",".jsx","1464","True","42"
"sitioweb\src\pages\EmpresasPage.jsx","sitioweb",".jsx","1479","True","42"
"sitioweb\src\pages\HomePage.jsx","sitioweb",".jsx","5107","True","139"
"sitioweb\src\pages\LegalPage.jsx","sitioweb",".jsx","1975","True","58"
"sitioweb\src\utils\r2Images.js","sitioweb",".js","2417","True","57"
"test\device_id_service_test.dart","test",".dart","507","True","13"
"test\test_backend.dart","test",".dart","4464","True","122"
"test\widget_test.dart","test",".dart","1415","True","31"
"web\favicon.png","web",".png","630","False","0"
"web\index.html","web",".html","1244","True","31"
"web\manifest.json","web",".json","904","True","35"
"web\icons\Icon-192.png","web",".png","14874","False","0"
"web\icons\Icon-512.png","web",".png","68373","False","0"
"web\icons\Icon-maskable-192.png","web",".png","14874","False","0"
"web\icons\Icon-maskable-512.png","web",".png","68373","False","0"
"windows\.gitignore","windows",".gitignore","308","True","14"
"windows\CMakeLists.txt","windows",".txt","4252","True","89"
"windows\flutter\CMakeLists.txt","windows",".txt","3851","True","98"
"windows\flutter\generated_plugins.cmake","windows",".cmake","983","False","0"
"windows\flutter\generated_plugin_registrant.cc","windows",".cc","1861","False","0"
"windows\flutter\generated_plugin_registrant.h","windows",".h","302","True","10"
"windows\runner\CMakeLists.txt","windows",".txt","1836","True","34"
"windows\runner\flutter_window.cpp","windows",".cpp","2193","True","56"
"windows\runner\flutter_window.h","windows",".h","961","True","25"
"windows\runner\main.cpp","windows",".cpp","1300","True","34"
"windows\runner\resource.h","windows",".h","448","True","15"
"windows\runner\runner.exe.manifest","windows",".manifest","616","False","0"
"windows\runner\Runner.rc","windows",".rc","3134","False","0"
"windows\runner\utils.cpp","windows",".cpp","1862","True","56"
"windows\runner\utils.h","windows",".h","691","True","14"
"windows\runner\win32_window.cpp","windows",".cpp","8822","True","234"
"windows\runner\win32_window.h","windows",".h","3624","True","79"
"windows\runner\resources\app_icon.ico","windows",".ico","2507","False","0"
